,Unnamed: 0,navigation.draught,navigation.time,navigation.speed,navigation.heading,navigation.location.long,navigation.location.lat,navigation.course,navigation.destination.name,navigation.destination.eta,navigation.status,device.dimensions.to_port,device.dimensions.to_bow,device.dimensions.to_stern,device.dimensions.to_starboard,device.mmsi,vessel.callsign,vessel.subtype,vessel.type,vessel.imo,vessel.name,geohash
0,42264,0.0,2021-01-17T18:07:01+00:00,0.0,,4.65789,51.81376,0.0,,2021-11-07T18:30:00+00:00,under-way-using-engine,4,70,5,4,244750043,PE9379,,cargo,0,TRUDIE,u15qcbr
1,71331,1.5,2021-01-28T15:06:49+00:00,0.1,,4.31782,51.88839,,ARA VERKEER,2021-01-18T23:14:00+00:00,fishing,11,135,0,1,244700820,PB8188,all,tanker,0,CHARLOIS,u15p4mb
2,616,2.5,2021-01-01T10:42:29+00:00,0.0,,4.00822,51.95785,90.3,MAASVLAKTE,2021-12-31T16:59:00+00:00,moored,7,120,15,4,211560210,DB4165,,cargo,0,AARBURG,u14ze4w
3,51229,0.0,2021-01-20T20:56:58+00:00,0.0,,4.45219,51.88835,0.0,ROTTERDAM,2021-11-07T18:30:00+00:00,under-way-using-engine,4,70,5,4,244750043,PE9379,,cargo,0,TRUDIE,u15pjmc
4,18144,1.5,2021-01-08T17:16:57+00:00,0.0,,4.30994,51.8728,,ARA VERKEER,2021-01-18T23:14:00+00:00,fishing,11,135,0,1,244700820,PB8188,all,tanker,0,CHARLOIS,u15p454
5,42020,1.5,2021-01-17T21:46:52+00:00,0.0,,4.09376,51.94888,,ARA VERKEER,2021-01-18T23:14:00+00:00,fishing,11,135,0,1,244700820,PB8188,all,tanker,0,CHARLOIS,u14zt1h
6,26745,2.2,2021-01-12T09:16:56+00:00,0.0,,4.03049,51.94418,129.5,ROTTERDAM,2021-01-11T03:59:00+00:00,under-way-using-engine,7,120,15,4,211560210,DB4165,,cargo,0,AARBURG,u14ze8n
7,71268,1.5,2021-01-28T09:51:48+00:00,0.0,,4.31781,51.88842,,ARA VERKEER,2021-01-18T23:14:00+00:00,fishing,11,135,0,1,244700820,PB8188,all,tanker,0,CHARLOIS,u15p4mb
8,55945,1.5,2021-01-22T09:51:21+00:00,0.0,,4.29192,51.87624,,ARA VERKEER,2021-01-18T23:14:00+00:00,fishing,11,135,0,1,244700820,PB8188,all,tanker,0,CHARLOIS,u15p1ev
9,24706,2.5,2021-01-11T04:40:24+00:00,0.0,,4.3963,51.8796,0.0,RDAM MAASVLAKTE RDAM,2021-06-18T20:00:00+00:00,moored,6,111,0,6,244630718,,,cargo,0,JORDY-M,u15phh3
10,72878,2.5,2021-01-29T20:25:45+00:00,0.0,,4.24143,51.87989,0.0,RDAM MAASVLAKTE RDAM,2021-06-18T20:00:00+00:00,moored,6,111,0,6,244630718,,,cargo,0,JORDY-M,u15p0s2
11,45797,4.2,2021-01-19T11:21:55+00:00,0.1,83.0,4.05547,51.96264,268.0,ROTTERDAM NL,2021-01-18T11:30:00+00:00,under-way-using-engine,9,88,10,8,246046000,PHIA,hazardous-cat-c,cargo,9143415,ORION,u14zs79
12,55057,2.5,2021-01-22T10:01:49+00:00,0.0,,4.03482,51.95741,0.0,RDAM MAASVLAKTE RDAM,2021-06-18T20:00:00+00:00,moored,6,111,0,6,244630718,,,cargo,0,JORDY-M,u14zefd
13,61016,1.5,2021-01-24T11:31:49+00:00,0.0,,4.30996,51.8728,,ARA VERKEER,2021-01-18T23:14:00+00:00,fishing,11,135,0,1,244700820,PB8188,all,tanker,0,CHARLOIS,u15p454
14,34321,0.0,2021-01-14T23:01:52+00:00,0.0,,4.58886,51.89401,0.0,ROTTERDAM,2021-11-07T18:30:00+00:00,under-way-using-engine,4,70,5,4,244750043,PE9379,,cargo,0,TRUDIE,u15r0rj
15,7455,2.0,2021-01-04T14:14:37+00:00,0.0,,4.01099,51.95805,62.2,RDAM-BERGEN OP ZOOM,,moored,2,86,0,8,244670295,PF8141,,other,0,ROMEE,u14ze68
16,41948,1.5,2021-01-17T15:46:52+00:00,8.3,,4.52867,51.8307,258.0,ARA VERKEER,2021-01-18T23:14:00+00:00,fishing,11,135,0,1,244700820,PB8188,all,tanker,0,CHARLOIS,u15nz53
17,19762,2.0,2021-01-09T03:16:20+00:00,0.0,,4.01011,51.95694,128.1,RDAM-BERGEN OP ZOOM,,moored,2,86,0,8,244670295,PF8141,,other,0,ROMEE,u14ze62
18,13290,1.5,2021-01-06T15:11:42+00:00,0.0,,4.30996,51.87278,,ARA VERKEER,2021-01-18T23:14:00+00:00,fishing,11,135,0,1,244700820,PB8188,all,tanker,0,CHARLOIS,u15p454
19,54455,0.0,2021-01-22T02:36:47+00:00,0.0,,4.00882,51.95757,133.4,OCT --  EUROPOORT VV,2021-10-10T00:00:00+00:00,under-way-using-engine,4,74,12,7,244010773,PF3820,,cargo,0,LEVANTE,u14ze4x
20,55195,2.5,2021-01-22T21:30:47+00:00,0.0,,4.0128,51.95717,0.0,RDAM MAASVLAKTE RDAM,2021-06-18T20:00:00+00:00,moored,6,111,0,6,244630718,,,cargo,0,JORDY-M,u14ze6d
21,53867,0.0,2021-01-21T04:27:00+00:00,0.0,,4.45218,51.88836,279.2,ROTTERDAM,2021-11-07T18:30:00+00:00,under-way-using-engine,4,70,5,4,244750043,PE9379,,cargo,0,TRUDIE,u15pjmc
22,35282,2.5,2021-01-15T07:18:59+00:00,0.0,,4.04944,51.95851,0.0,RDAM MAASVLAKTE RDAM,2021-06-18T20:00:00+00:00,moored,6,111,0,6,244630718,,,cargo,0,JORDY-M,u14zs4u
23,55184,2.5,2021-01-22T20:33:35+00:00,0.0,,4.0128,51.95717,0.0,RDAM MAASVLAKTE RDAM,2021-06-18T20:00:00+00:00,moored,6,111,0,6,244630718,,,cargo,0,JORDY-M,u14ze6d
24,27023,0.0,2021-01-12T08:26:43+00:00,9.7,,4.49504,51.83569,271.4,OCT --  EUROPOORT VV,2021-10-10T00:00:00+00:00,under-way-using-engine,4,74,12,7,244010773,PF3820,,cargo,0,LEVANTE,u15nyk3
25,8058,0.0,2021-01-04T14:11:54+00:00,0.5,,4.40483,51.88598,58.5,ROTTERDAM,2021-11-07T18:30:00+00:00,under-way-using-engine,4,70,5,4,244750043,PE9379,,cargo,0,TRUDIE,u15phjx
26,34164,0.0,2021-01-14T09:56:55+00:00,7.0,,4.48702,51.91027,40.2,ROTTERDAM,2021-11-07T18:30:00+00:00,under-way-using-engine,4,70,5,4,244750043,PE9379,,cargo,0,TRUDIE,u15pq1g
27,74619,15.5,2021-01-30T15:24:46+00:00,0.0,216.0,4.00387,51.95578,216.0,EGSUC>NLROT,2021-01-29T12:30:00+00:00,moored,30,146,253,30,219019094,OWJJ2,hazardous-cat-a,cargo,9619969,MARIBO MAERSK,u14ze47
28,10443,1.5,2021-01-05T23:16:44+00:00,0.0,,4.30994,51.8728,,ARA VERKEER,2021-01-18T23:14:00+00:00,fishing,11,135,0,1,244700820,PB8188,all,tanker,0,CHARLOIS,u15p454
29,48257,0.0,2021-01-19T19:26:21+00:00,0.0,,4.01297,51.95818,0.0,ROTTERDAM,2021-11-07T18:30:00+00:00,under-way-using-engine,4,70,5,4,244750043,PE9379,,cargo,0,TRUDIE,u14ze6d
30,6907,2.5,2021-01-04T05:00:53+00:00,0.0,,4.39698,51.87964,0.0,RDAM MAASVLAKTE RDAM,2021-06-18T20:00:00+00:00,moored,6,111,0,6,244630718,,,cargo,0,JORDY-M,u15phh3
31,7833,1.5,2021-01-04T19:26:44+00:00,0.0,,4.29069,51.88452,,ARA VERKEER,2021-01-18T23:14:00+00:00,fishing,11,135,0,1,244700820,PB8188,all,tanker,0,CHARLOIS,u15p1tk
32,77378,15.5,2021-01-31T10:45:36+00:00,0.1,216.0,4.00388,51.95582,216.0,EGSUC>NLROT,2021-01-29T12:30:00+00:00,moored,30,146,253,30,219019094,OWJJ2,hazardous-cat-a,cargo,9619969,MARIBO MAERSK,u14ze47
33,78388,2.5,2021-01-31T06:42:35+00:00,0.0,,4.01137,51.95852,0.0,RDAM MAASVLAKTE RDAM,2021-06-18T20:00:00+00:00,moored,6,111,0,6,244630718,,,cargo,0,JORDY-M,u14ze6b
34,7613,1.5,2021-01-04T01:06:44+00:00,0.0,,4.29073,51.88452,,ARA VERKEER,2021-01-18T23:14:00+00:00,fishing,11,135,0,1,244700820,PB8188,all,tanker,0,CHARLOIS,u15p1tk
35,24835,2.5,2021-01-11T15:27:01+00:00,0.0,,4.01158,51.9564,0.0,RDAM MAASVLAKTE RDAM,2021-06-18T20:00:00+00:00,under-way-using-engine,6,111,0,6,244630718,,,cargo,0,JORDY-M,u14ze63
36,13115,1.5,2021-01-06T00:36:42+00:00,0.0,,4.30994,51.87281,,ARA VERKEER,2021-01-18T23:14:00+00:00,fishing,11,135,0,1,244700820,PB8188,all,tanker,0,CHARLOIS,u15p454
37,55014,2.5,2021-01-22T06:16:52+00:00,0.0,,4.00755,51.95841,0.0,RDAM MAASVLAKTE RDAM,2021-06-18T20:00:00+00:00,moored,6,111,0,6,244630718,,,cargo,0,JORDY-M,u14ze4w
38,696,2.5,2021-01-01T17:24:28+00:00,0.0,,4.03356,51.95979,230.1,MAASVLAKTE,2021-12-31T16:59:00+00:00,moored,7,120,15,4,211560210,DB4165,,cargo,0,AARBURG,u14zefc
39,4580,2.5,2021-01-03T17:41:55+00:00,0.0,,4.0457,51.94433,18.6,MAASVLAKTE,2021-12-31T16:59:00+00:00,under-way-using-engine,7,120,15,4,211560210,DB4165,,cargo,0,AARBURG,u14zs01
40,69550,0.0,2021-01-28T01:11:57+00:00,0.0,,4.06819,51.95982,94.9,OCT --  EUROPOORT VV,2021-10-10T00:00:00+00:00,under-way-using-engine,4,74,12,7,244010773,PF3820,,cargo,0,LEVANTE,u14zsdf
41,9049,1.6,2021-01-05T08:17:22+00:00,0.0,,4.4081,51.89086,0.0,DEN BOSCH/ROTTERDAM,2021-10-26T20:00:00+00:00,moored,10,76,16,2,244630036,PH5514,,other,0,CAAN,u15phq3
42,31216,1.5,2021-01-13T12:41:51+00:00,0.0,,4.30996,51.87278,,ARA VERKEER,2021-01-18T23:14:00+00:00,fishing,11,135,0,1,244700820,PB8188,all,tanker,0,CHARLOIS,u15p454
43,65309,2.5,2021-01-26T10:51:51+00:00,2.0,,4.24296,51.87984,210.8,RDAM MAASVLAKTE RDAM,2021-06-18T20:00:00+00:00,under-way-using-engine,6,111,0,6,244630718,,,cargo,0,JORDY-M,u15p0s3
44,49184,0.0,2021-01-20T01:06:48+00:00,6.8,,4.52396,51.82993,95.2,OCT --  EUROPOORT VV,2021-10-10T00:00:00+00:00,under-way-using-engine,4,74,12,7,244010773,PF3820,,cargo,0,LEVANTE,u15nygq
45,23552,0.0,2021-01-10T21:51:55+00:00,0.0,,4.4271,51.87928,0.0,ROTTERDAM,2021-11-07T18:30:00+00:00,under-way-using-engine,4,70,5,4,244750043,PE9379,,cargo,0,TRUDIE,u15phsr
46,17362,2.5,2021-01-08T18:11:55+00:00,9.3,,4.17074,51.92349,142.4,RDAM MAASVLAKTE RDAM,2021-06-18T20:00:00+00:00,under-way-using-engine,6,111,0,6,244630718,,,cargo,0,JORDY-M,u14zqum
47,54782,1.6,2021-01-22T05:38:09+00:00,0.0,,4.03172,51.94609,0.0,DEN BOSCH/ROTTERDAM,2021-10-26T20:00:00+00:00,moored,10,76,16,2,244630036,PH5514,,other,0,CAAN,u14ze8r
48,48194,0.0,2021-01-19T14:11:51+00:00,0.0,,4.01301,51.95819,0.0,ROTTERDAM,2021-11-07T18:30:00+00:00,under-way-using-engine,4,70,5,4,244750043,PE9379,,cargo,0,TRUDIE,u14ze6d
49,6427,2.5,2021-01-04T15:54:24+00:00,0.0,,4.03275,51.9453,51.3,ROTTERDAM,2021-01-04T21:59:00+00:00,moored,7,120,15,4,211560210,DB4165,,cargo,0,AARBURG,u14zeb2
50,62582,2.5,2021-01-25T17:44:47+00:00,0.0,,4.01314,51.95912,0.0,RDAM MAASVLAKTE RDAM,2021-06-18T20:00:00+00:00,moored,6,111,0,6,244630718,,,cargo,0,JORDY-M,u14ze6f
51,18378,0.0,2021-01-08T12:51:56+00:00,0.0,,4.43287,51.89016,0.0,ROTTERDAM,2021-11-07T18:30:00+00:00,under-way-using-engine,4,70,5,4,244750043,PE9379,,cargo,0,TRUDIE,u15phy7
52,16373,0.0,2021-01-08T03:06:53+00:00,0.0,,4.14877,51.93468,224.0,OCT --  EUROPOORT VV,2021-10-10T00:00:00+00:00,under-way-using-engine,4,74,12,7,244010773,PF3820,,cargo,0,LEVANTE,u14zqqm
53,77043,0.0,2021-01-30T15:16:59+00:00,0.0,,4.65822,51.81404,333.1,ROTTERDAM,2021-11-07T18:30:00+00:00,under-way-using-engine,4,70,5,4,244750043,PE9379,,cargo,0,TRUDIE,u15qf02
54,29077,2.2,2021-01-13T05:01:46+00:00,0.0,,4.3238,51.88239,136.2,ROTTERDAM,2021-01-11T03:59:00+00:00,under-way-using-engine,7,120,15,4,211560210,DB4165,,cargo,0,AARBURG,u15p4ku
55,24667,2.5,2021-01-11T01:25:37+00:00,0.0,,4.3963,51.8796,0.0,RDAM MAASVLAKTE RDAM,2021-06-18T20:00:00+00:00,moored,6,111,0,6,244630718,,,cargo,0,JORDY-M,u15phh3
56,14236,0.0,2021-01-07T03:26:52+00:00,0.0,,4.00545,51.96241,100.9,OCT --  EUROPOORT VV,2021-10-10T00:00:00+00:00,under-way-using-engine,4,74,12,7,244010773,PF3820,,cargo,0,LEVANTE,u14ze5k
57,5630,1.5,2021-01-03T20:41:43+00:00,0.0,,4.29072,51.88453,,ARA VERKEER,2021-01-18T23:14:00+00:00,fishing,11,135,0,1,244700820,PB8188,all,tanker,0,CHARLOIS,u15p1tk
58,14432,0.0,2021-01-07T19:46:52+00:00,0.0,,4.14879,51.93468,250.7,OCT --  EUROPOORT VV,2021-10-10T00:00:00+00:00,under-way-using-engine,4,74,12,7,244010773,PF3820,,cargo,0,LEVANTE,u14zqqm
59,51214,0.0,2021-01-20T19:41:59+00:00,0.0,,4.45212,51.88835,271.4,ROTTERDAM,2021-11-07T18:30:00+00:00,under-way-using-engine,4,70,5,4,244750043,PE9379,,cargo,0,TRUDIE,u15pjmc
60,65192,2.5,2021-01-26T01:05:16+00:00,0.0,,4.04974,51.95856,0.0,RDAM MAASVLAKTE RDAM,2021-06-18T20:00:00+00:00,moored,6,111,0,6,244630718,,,cargo,0,JORDY-M,u14zs4u
61,78469,2.5,2021-01-31T13:41:47+00:00,0.0,,4.01013,51.95726,0.0,RDAM MAASVLAKTE RDAM,2021-06-18T20:00:00+00:00,under-way-using-engine,6,111,0,6,244630718,,,cargo,0,JORDY-M,u14ze68
62,69376,0.0,2021-01-27T20:51:59+00:00,0.0,,4.65823,51.81406,0.0,ROTTERDAM,2021-11-07T18:30:00+00:00,under-way-using-engine,4,70,5,4,244750043,PE9379,,cargo,0,TRUDIE,u15qf02
63,23195,1.5,2021-01-10T16:07:02+00:00,9.3,,4.56295,51.81603,326.4,ARA VERKEER,2021-01-18T23:14:00+00:00,fishing,11,135,0,1,244700820,PB8188,all,tanker,0,CHARLOIS,u15nzbf
64,12397,2.5,2021-01-06T20:12:40+00:00,0.0,,4.01172,51.95625,0.0,RDAM MAASVLAKTE RDAM,2021-06-18T20:00:00+00:00,moored,6,111,0,6,244630718,,,cargo,0,JORDY-M,u14ze63
65,8735,0.0,2021-01-05T06:06:52+00:00,0.0,,4.32375,51.88241,297.3,OCT --  EUROPOORT VV,2021-10-10T00:00:00+00:00,under-way-using-engine,4,74,12,7,244010773,PF3820,,cargo,0,LEVANTE,u15p4ku
66,48205,0.0,2021-01-19T15:07:00+00:00,0.0,,4.01299,51.95819,0.0,ROTTERDAM,2021-11-07T18:30:00+00:00,under-way-using-engine,4,70,5,4,244750043,PE9379,,cargo,0,TRUDIE,u14ze6d
67,19829,2.0,2021-01-09T08:45:00+00:00,0.0,,4.04668,51.94453,229.4,RDAM-BERGEN OP ZOOM,,moored,2,86,0,8,244670295,PF8141,,other,0,ROMEE,u14zs04
68,1046,2.5,2021-01-01T04:18:10+00:00,0.0,,4.0125,51.95848,0.0,RDAM MAASVLAKTE RDAM,2021-06-18T20:00:00+00:00,moored,6,111,0,6,244630718,,,cargo,0,JORDY-M,u14ze6c
69,19340,2.5,2021-01-09T03:44:32+00:00,0.0,,4.01227,51.9579,0.0,RDAM MAASVLAKTE RDAM,2021-06-18T20:00:00+00:00,moored,6,111,0,6,244630718,,,cargo,0,JORDY-M,u14ze69
70,41980,1.5,2021-01-17T18:26:02+00:00,6.9,,4.15392,51.93223,270.1,ARA VERKEER,2021-01-18T23:14:00+00:00,fishing,11,135,0,1,244700820,PB8188,all,tanker,0,CHARLOIS,u14zqtb
71,23219,1.5,2021-01-10T18:07:01+00:00,0.0,,4.31846,51.8882,,ARA VERKEER,2021-01-18T23:14:00+00:00,fishing,11,135,0,1,244700820,PB8188,all,tanker,0,CHARLOIS,u15p4mb
72,5064,2.5,2021-01-03T14:23:59+00:00,0.0,,4.01199,51.95637,0.0,RDAM MAASVLAKTE RDAM,2021-06-18T20:00:00+00:00,moored,6,111,0,6,244630718,,,cargo,0,JORDY-M,u14ze63
73,61364,0.0,2021-01-24T16:37:01+00:00,0.0,,4.65791,51.81375,0.0,ROTTERDAM,2021-11-07T18:30:00+00:00,under-way-using-engine,4,70,5,4,244750043,PE9379,,cargo,0,TRUDIE,u15qcbr
74,5704,0.0,2021-01-03T02:52:01+00:00,0.0,,4.65815,51.81406,0.0,ROTTERDAM,2021-11-07T18:30:00+00:00,under-way-using-engine,4,70,5,4,244750043,PE9379,,cargo,0,TRUDIE,u15qcbr
75,72913,2.5,2021-01-29T23:21:59+00:00,0.0,,4.0086,51.9587,0.0,RDAM MAASVLAKTE RDAM,2021-06-18T20:00:00+00:00,under-way-using-engine,6,111,0,6,244630718,,,cargo,0,JORDY-M,u14ze4y
76,34327,0.0,2021-01-14T23:31:51+00:00,0.0,,4.58893,51.89397,0.0,ROTTERDAM,2021-11-07T18:30:00+00:00,under-way-using-engine,4,70,5,4,244750043,PE9379,,cargo,0,TRUDIE,u15r0rj
77,52089,0.0,2021-01-21T12:16:45+00:00,0.0,,4.32378,51.88233,153.8,OCT --  EUROPOORT VV,2021-10-10T00:00:00+00:00,under-way-using-engine,4,74,12,7,244010773,PF3820,,cargo,0,LEVANTE,u15p4ku
78,7118,2.5,2021-01-04T22:36:59+00:00,8.7,,3.99986,51.97096,358.8,RDAM MAASVLAKTE RDAM,2021-06-18T20:00:00+00:00,under-way-using-engine,6,111,0,6,244630718,,,cargo,0,JORDY-M,u14zej0
79,52653,2.5,2021-01-21T13:51:45+00:00,0.0,,4.29842,51.89199,0.0,RDAM MAASVLAKTE RDAM,2021-06-18T20:00:00+00:00,moored,6,111,0,6,244630718,,,cargo,0,JORDY-M,u15p1yd
80,10297,1.5,2021-01-05T11:06:44+00:00,0.1,,4.29068,51.8845,,ARA VERKEER,2021-01-18T23:14:00+00:00,fishing,11,135,0,1,244700820,PB8188,all,tanker,0,CHARLOIS,u15p1tk
81,36681,0.0,2021-01-15T04:06:51+00:00,0.0,,4.58888,51.894,0.0,ROTTERDAM,2021-11-07T18:30:00+00:00,under-way-using-engine,4,70,5,4,244750043,PE9379,,cargo,0,TRUDIE,u15r0rj
82,46910,2.5,2021-01-19T17:54:35+00:00,0.0,,4.01289,51.95924,0.0,RDAM MAASVLAKTE RDAM,2021-06-18T20:00:00+00:00,moored,6,111,0,6,244630718,,,cargo,0,JORDY-M,u14ze6f
83,51240,0.0,2021-01-20T21:52:00+00:00,0.0,,4.45213,51.88834,0.0,ROTTERDAM,2021-11-07T18:30:00+00:00,under-way-using-engine,4,70,5,4,244750043,PE9379,,cargo,0,TRUDIE,u15pjmc
84,23990,2.2,2021-01-11T10:16:51+00:00,0.0,,4.03059,51.9441,24.5,ROTTERDAM,2021-01-11T03:59:00+00:00,under-way-using-engine,7,120,15,4,211560210,DB4165,,cargo,0,AARBURG,u14ze8n
85,63534,1.5,2021-01-25T09:21:49+00:00,0.0,,4.31763,51.88907,,ARA VERKEER,2021-01-18T23:14:00+00:00,fishing,11,135,0,1,244700820,PB8188,all,tanker,0,CHARLOIS,u15p4q0
86,46080,2.3,2021-01-19T19:26:56+00:00,0.0,,4.40191,51.87996,151.9,ROTTERDAM,2021-01-18T06:59:00+00:00,under-way-using-engine,7,120,15,4,211560210,DB4165,,cargo,0,AARBURG,u15phhm
87,12233,2.5,2021-01-06T06:30:52+00:00,0.0,,4.01193,51.95636,0.0,RDAM MAASVLAKTE RDAM,2021-06-18T20:00:00+00:00,moored,6,111,0,6,244630718,,,cargo,0,JORDY-M,u14ze63
88,60047,2.5,2021-01-24T13:15:40+00:00,0.0,,4.01184,51.95628,0.0,RDAM MAASVLAKTE RDAM,2021-06-18T20:00:00+00:00,moored,6,111,0,6,244630718,,,cargo,0,JORDY-M,u14ze63
89,193,2.5,2021-01-01T07:45:31+00:00,0.0,,4.00824,51.95787,129.3,MAASVLAKTE,2021-12-31T16:59:00+00:00,moored,7,120,15,4,211560210,DB4165,,cargo,0,AARBURG,u14ze4w
90,1131,2.5,2021-01-01T11:24:09+00:00,0.0,,4.0125,51.95848,0.0,RDAM MAASVLAKTE RDAM,2021-06-18T20:00:00+00:00,moored,6,111,0,6,244630718,,,cargo,0,JORDY-M,u14ze6c
91,78098,0.0,2021-01-31T16:56:17+00:00,0.0,,4.01095,51.95821,89.8,OCT --  EUROPOORT VV,2021-10-10T00:00:00+00:00,under-way-using-engine,4,74,12,7,244010773,PF3820,,cargo,0,LEVANTE,u14ze68
92,32310,0.0,2021-01-14T11:21:46+00:00,0.0,,4.44141,51.88008,55.4,OCT --  EUROPOORT VV,2021-10-10T00:00:00+00:00,under-way-using-engine,4,74,12,7,244010773,PF3820,,cargo,0,LEVANTE,u15pjh6
93,40300,0.0,2021-01-17T17:26:56+00:00,0.1,,4.0699,51.95998,80.9,OCT --  EUROPOORT VV,2021-10-10T00:00:00+00:00,under-way-using-engine,4,74,12,7,244010773,PF3820,,cargo,0,LEVANTE,u14zse5
94,53762,1.5,2021-01-21T19:41:42+00:00,0.0,,4.29194,51.87623,,ARA VERKEER,2021-01-18T23:14:00+00:00,fishing,11,135,0,1,244700820,PB8188,all,tanker,0,CHARLOIS,u15p1ev
95,74226,0.0,2021-01-29T14:57:01+00:00,0.0,,4.65822,51.81407,315.6,ROTTERDAM,2021-11-07T18:30:00+00:00,under-way-using-engine,4,70,5,4,244750043,PE9379,,cargo,0,TRUDIE,u15qf02
96,3981,0.0,2021-01-02T15:36:53+00:00,0.0,,4.65821,51.81405,0.0,ROTTERDAM,2021-11-07T18:30:00+00:00,under-way-using-engine,4,70,5,4,244750043,PE9379,,cargo,0,TRUDIE,u15qf02
97,2627,2.5,2021-01-02T21:16:59+00:00,0.0,,4.03361,51.9437,339.0,MAASVLAKTE,2021-12-31T16:59:00+00:00,under-way-using-engine,7,120,15,4,211560210,DB4165,,cargo,0,AARBURG,u14zeb1
98,20606,0.0,2021-01-09T04:01:57+00:00,0.0,,4.6582,51.81408,300.5,ROTTERDAM,2021-11-07T18:30:00+00:00,under-way-using-engine,4,70,5,4,244750043,PE9379,,cargo,0,TRUDIE,u15qcbr
99,37920,2.5,2021-01-16T05:10:32+00:00,0.0,,4.03472,51.95743,0.0,RDAM MAASVLAKTE RDAM,2021-06-18T20:00:00+00:00,moored,6,111,0,6,244630718,,,cargo,0,JORDY-M,u14zef9
100,71831,15.5,2021-01-29T14:17:01+00:00,12.5,120.0,3.9584,52.01112,113.1,EGSUC>NLROT,2021-01-29T12:30:00+00:00,under-way-using-engine,30,146,253,30,219019094,OWJJ2,hazardous-cat-a,cargo,9619969,MARIBO MAERSK,u14zfh6
101,771,2.5,2021-01-01T23:41:32+00:00,0.1,,4.04368,51.97194,0.7,MAASVLAKTE,2021-12-31T16:59:00+00:00,moored,7,120,15,4,211560210,DB4165,,cargo,0,AARBURG,u14zsj0
102,32720,1.6,2021-01-14T22:20:48+00:00,0.0,,4.07645,51.95412,0.0,DEN BOSCH/ROTTERDAM,2021-10-26T20:00:00+00:00,moored,10,76,16,2,244630036,PH5514,,other,0,CAAN,u14zscb
103,5635,1.5,2021-01-03T21:06:44+00:00,0.0,,4.29073,51.88452,,ARA VERKEER,2021-01-18T23:14:00+00:00,fishing,11,135,0,1,244700820,PB8188,all,tanker,0,CHARLOIS,u15p1tk
104,76607,1.5,2021-01-30T02:51:50+00:00,0.0,,4.29193,51.87623,,ARA VERKEER,2021-01-18T23:14:00+00:00,fishing,11,135,0,1,244700820,PB8188,all,tanker,0,CHARLOIS,u15p1ev
105,71313,1.5,2021-01-28T13:36:48+00:00,0.0,,4.31783,51.88842,,ARA VERKEER,2021-01-18T23:14:00+00:00,fishing,11,135,0,1,244700820,PB8188,all,tanker,0,CHARLOIS,u15p4mb
106,47986,1.5,2021-01-19T20:52:01+00:00,0.1,,4.31818,51.88835,,ARA VERKEER,2021-01-18T23:14:00+00:00,fishing,11,135,0,1,244700820,PB8188,all,tanker,0,CHARLOIS,u15p4mb
107,52078,0.0,2021-01-21T11:21:25+00:00,0.0,,4.32375,51.88232,131.0,OCT --  EUROPOORT VV,2021-10-10T00:00:00+00:00,under-way-using-engine,4,74,12,7,244010773,PF3820,,cargo,0,LEVANTE,u15p4ku
108,46823,2.5,2021-01-19T10:39:37+00:00,0.0,,4.01289,51.95924,0.0,RDAM MAASVLAKTE RDAM,2021-06-18T20:00:00+00:00,moored,6,111,0,6,244630718,,,cargo,0,JORDY-M,u14ze6f
109,78425,2.5,2021-01-31T09:51:31+00:00,0.0,,4.01137,51.95852,0.0,RDAM MAASVLAKTE RDAM,2021-06-18T20:00:00+00:00,moored,6,111,0,6,244630718,,,cargo,0,JORDY-M,u14ze6b
110,55864,1.5,2021-01-22T03:01:42+00:00,0.0,,4.29197,51.87625,,ARA VERKEER,2021-01-18T23:14:00+00:00,fishing,11,135,0,1,244700820,PB8188,all,tanker,0,CHARLOIS,u15p1ev
111,31327,1.5,2021-01-13T21:57:00+00:00,0.1,,4.30994,51.8728,,ARA VERKEER,2021-01-18T23:14:00+00:00,fishing,11,135,0,1,244700820,PB8188,all,tanker,0,CHARLOIS,u15p454
112,45303,2.3,2021-01-19T02:31:57+00:00,0.0,,4.42463,51.8786,198.4,ROTTERDAM,2021-01-18T06:59:00+00:00,under-way-using-engine,7,120,15,4,211560210,DB4165,,cargo,0,AARBURG,u15phsj
113,51063,0.0,2021-01-20T07:07:00+00:00,9.6,,4.38192,51.84185,93.8,ROTTERDAM,2021-11-07T18:30:00+00:00,under-way-using-engine,4,70,5,4,244750043,PE9379,,cargo,0,TRUDIE,u15ngtw
114,4820,0.0,2021-01-03T13:41:53+00:00,6.7,,4.55923,51.81937,163.9,OCT --  EUROPOORT VV,2021-10-10T00:00:00+00:00,under-way-using-engine,4,74,12,7,244010773,PF3820,,cargo,0,LEVANTE,u15nz9r
115,10552,0.0,2021-01-05T08:21:57+00:00,0.0,,4.42537,51.87962,0.0,ROTTERDAM,2021-11-07T18:30:00+00:00,under-way-using-engine,4,70,5,4,244750043,PE9379,,cargo,0,TRUDIE,u15phsq
116,57114,1.6,2021-01-23T03:22:01+00:00,9.7,,4.53331,51.90186,247.7,DEN BOSCH/ROTTERDAM,2021-10-26T20:00:00+00:00,under-way-using-engine,10,76,16,2,244630036,PH5514,,other,0,CAAN,u15pr0m
117,19428,2.5,2021-01-09T10:43:39+00:00,0.0,,4.01179,51.95783,0.0,RDAM MAASVLAKTE RDAM,2021-06-18T20:00:00+00:00,moored,6,111,0,6,244630718,,,cargo,0,JORDY-M,u14ze69
118,34226,0.0,2021-01-14T15:06:53+00:00,10.8,,4.59003,51.89638,134.3,ROTTERDAM,2021-11-07T18:30:00+00:00,under-way-using-engine,4,70,5,4,244750043,PE9379,,cargo,0,TRUDIE,u15r0rq
119,42067,0.0,2021-01-17T01:41:52+00:00,0.0,,4.65787,51.81379,274.4,ROTTERDAM,2021-11-07T18:30:00+00:00,under-way-using-engine,4,70,5,4,244750043,PE9379,,cargo,0,TRUDIE,u15qcbr
120,67762,1.6,2021-01-27T14:11:44+00:00,10.5,,4.15174,51.95987,135.0,DEN BOSCH/ROTTERDAM,2021-10-26T20:00:00+00:00,under-way-using-engine,10,76,16,2,244630036,PH5514,,other,0,CAAN,u14zw7p
121,56999,0.0,2021-01-23T17:31:57+00:00,0.0,,4.16931,51.92817,142.6,OCT --  EUROPOORT VV,2021-10-10T00:00:00+00:00,under-way-using-engine,4,74,12,7,244010773,PF3820,,cargo,0,LEVANTE,u14zqv5
122,7842,1.5,2021-01-04T20:11:43+00:00,0.0,,4.2907,51.8845,,ARA VERKEER,2021-01-18T23:14:00+00:00,fishing,11,135,0,1,244700820,PB8188,all,tanker,0,CHARLOIS,u15p1tk
123,2042,0.0,2021-01-01T20:31:57+00:00,0.0,,4.6582,51.81406,0.0,ROTTERDAM,2021-11-07T18:30:00+00:00,under-way-using-engine,4,70,5,4,244750043,PE9379,,cargo,0,TRUDIE,u15qcbr
124,53856,0.0,2021-01-21T03:31:59+00:00,0.0,,4.4521,51.88833,293.5,ROTTERDAM,2021-11-07T18:30:00+00:00,under-way-using-engine,4,70,5,4,244750043,PE9379,,cargo,0,TRUDIE,u15pjmc
125,26819,2.2,2021-01-12T15:26:58+00:00,0.0,,4.01208,51.95815,89.2,ROTTERDAM,2021-01-11T03:59:00+00:00,under-way-using-engine,7,120,15,4,211560210,DB4165,,cargo,0,AARBURG,u14ze69
126,75722,2.5,2021-01-30T21:31:34+00:00,0.0,,4.03478,51.95754,0.0,RDAM MAASVLAKTE RDAM,2021-06-18T20:00:00+00:00,under-way-using-engine,6,111,0,6,244630718,,,cargo,0,JORDY-M,u14zefd
127,14482,0.0,2021-01-07T23:56:53+00:00,0.0,,4.14883,51.93468,250.1,OCT --  EUROPOORT VV,2021-10-10T00:00:00+00:00,under-way-using-engine,4,74,12,7,244010773,PF3820,,cargo,0,LEVANTE,u14zqqm
128,24046,2.2,2021-01-11T14:51:30+00:00,0.1,,3.99452,51.95491,121.8,ROTTERDAM,2021-01-11T03:59:00+00:00,moored,7,120,15,4,211560210,DB4165,,cargo,0,AARBURG,u14zdfh
129,51685,4.2,2021-01-21T02:36:33+00:00,0.1,83.0,4.05546,51.96266,33.3,ROTTERDAM NL,2021-01-18T11:30:00+00:00,under-way-using-engine,9,88,10,8,246046000,PHIA,hazardous-cat-c,cargo,9143415,ORION,u14zs79
130,53174,2.0,2021-01-21T18:40:06+00:00,0.0,,4.40638,51.89126,142.9,RDAM-BERGEN OP ZOOM,,moored,2,86,0,8,244670295,PF8141,,other,0,ROMEE,u15phq8
131,30749,2.0,2021-01-13T21:50:58+00:00,0.0,,4.07283,51.95071,228.9,RDAM-BERGEN OP ZOOM,,moored,2,86,0,8,244670295,PF8141,,other,0,ROMEE,u14zs9m
132,63145,2.0,2021-01-25T17:16:55+00:00,6.8,,4.07561,51.9578,162.1,RDAM-BERGEN OP ZOOM,,under-way-using-engine,2,86,0,8,244670295,PF8141,,other,0,ROMEE,u14zsdx
133,53863,0.0,2021-01-21T04:06:59+00:00,0.0,,4.45214,51.88834,273.9,ROTTERDAM,2021-11-07T18:30:00+00:00,under-way-using-engine,4,70,5,4,244750043,PE9379,,cargo,0,TRUDIE,u15pjmc
134,50347,2.0,2021-01-20T19:20:23+00:00,0.0,,4.04249,51.97276,284.8,RDAM-BERGEN OP ZOOM,,moored,2,86,0,8,244670295,PF8141,,other,0,ROMEE,u14zevr
135,70701,2.0,2021-01-28T10:06:55+00:00,10.8,,4.5305,51.83099,257.1,RDAM-BERGEN OP ZOOM,,under-way-using-engine,2,86,0,8,244670295,PF8141,,other,0,ROMEE,u15nz5e
136,33905,1.5,2021-01-14T12:01:51+00:00,0.0,,4.30996,51.87282,,ARA VERKEER,2021-01-18T23:14:00+00:00,fishing,11,135,0,1,244700820,PB8188,all,tanker,0,CHARLOIS,u15p454
137,51234,0.0,2021-01-20T21:22:00+00:00,0.0,,4.45217,51.88838,0.0,ROTTERDAM,2021-11-07T18:30:00+00:00,under-way-using-engine,4,70,5,4,244750043,PE9379,,cargo,0,TRUDIE,u15pjmc
138,28827,0.0,2021-01-12T08:11:57+00:00,0.0,,4.42119,51.88055,0.0,,2021-11-07T18:30:00+00:00,under-way-using-engine,4,70,5,4,244750043,PE9379,,cargo,0,TRUDIE,u15phse
139,10213,1.5,2021-01-05T04:06:44+00:00,0.1,,4.29073,51.88453,,ARA VERKEER,2021-01-18T23:14:00+00:00,fishing,11,135,0,1,244700820,PB8188,all,tanker,0,CHARLOIS,u15p1tk
140,77410,15.5,2021-01-31T13:23:16+00:00,0.1,216.0,4.00387,51.95578,216.0,EGSUC>NLROT,2021-01-29T12:30:00+00:00,moored,30,146,253,30,219019094,OWJJ2,hazardous-cat-a,cargo,9619969,MARIBO MAERSK,u14ze47
141,65004,1.6,2021-01-26T09:14:50+00:00,0.0,,4.03198,51.94526,0.0,DEN BOSCH/ROTTERDAM,2021-10-26T20:00:00+00:00,moored,10,76,16,2,244630036,PH5514,,other,0,CAAN,u14ze8r
142,57103,1.6,2021-01-23T02:19:09+00:00,0.0,,4.66759,51.84569,0.0,DEN BOSCH/ROTTERDAM,2021-10-26T20:00:00+00:00,moored,10,76,16,2,244630036,PH5514,,other,0,CAAN,u15qfnn
143,21396,0.0,2021-01-10T00:46:53+00:00,0.0,,4.16931,51.92816,0.3,OCT --  EUROPOORT VV,2021-10-10T00:00:00+00:00,under-way-using-engine,4,74,12,7,244010773,PF3820,,cargo,0,LEVANTE,u14zqv5
144,46086,2.3,2021-01-19T20:01:55+00:00,0.0,,4.40192,51.87994,75.2,ROTTERDAM,2021-01-18T06:59:00+00:00,under-way-using-engine,7,120,15,4,211560210,DB4165,,cargo,0,AARBURG,u15phhm
145,67056,4.8,2021-01-27T13:20:37+00:00,0.0,175.0,3.99548,51.95991,166.7,ROTTERDAM NL,2021-01-25T17:30:00+00:00,moored,9,88,10,8,246046000,PHIA,hazardous-cat-c,cargo,9143415,ORION,u14zdgj
146,49949,2.5,2021-01-20T22:15:29+00:00,0.0,,4.01289,51.95924,0.0,RDAM MAASVLAKTE RDAM,2021-06-18T20:00:00+00:00,moored,6,111,0,6,244630718,,,cargo,0,JORDY-M,u14ze6f
147,62333,1.6,2021-01-25T20:57:19+00:00,0.0,,4.03834,51.96846,0.0,DEN BOSCH/ROTTERDAM,2021-10-26T20:00:00+00:00,moored,10,76,16,2,244630036,PH5514,,other,0,CAAN,u14zeus
148,28995,0.0,2021-01-12T22:11:55+00:00,0.0,,4.40864,51.88736,0.0,ROTTERDAM,2021-11-07T18:30:00+00:00,under-way-using-engine,4,70,5,4,244750043,PE9379,,cargo,0,TRUDIE,u15phmf
149,33794,1.5,2021-01-14T02:46:51+00:00,0.0,,4.30994,51.87282,,ARA VERKEER,2021-01-18T23:14:00+00:00,fishing,11,135,0,1,244700820,PB8188,all,tanker,0,CHARLOIS,u15p454
150,49951,2.5,2021-01-20T22:24:35+00:00,0.0,,4.01289,51.95924,0.0,RDAM MAASVLAKTE RDAM,2021-06-18T20:00:00+00:00,moored,6,111,0,6,244630718,,,cargo,0,JORDY-M,u14ze6f
151,72449,0.0,2021-01-29T23:26:58+00:00,7.8,,4.24726,51.87072,120.3,OCT --  EUROPOORT VV,2021-10-10T00:00:00+00:00,under-way-using-engine,4,74,12,7,244010773,PF3820,,cargo,0,LEVANTE,u15p0du
152,46279,0.0,2021-01-19T12:46:26+00:00,0.0,,4.03266,51.94079,322.3,OCT --  EUROPOORT VV,2021-10-10T00:00:00+00:00,under-way-using-engine,4,74,12,7,244010773,PF3820,,cargo,0,LEVANTE,u14z7z8
153,9311,2.5,2021-01-05T06:11:56+00:00,9.0,,4.38273,51.89599,103.5,RDAM MAASVLAKTE RDAM,2021-06-18T20:00:00+00:00,under-way-using-engine,6,111,0,6,244630718,,,cargo,0,JORDY-M,u15p5xr
154,20615,0.0,2021-01-09T04:46:57+00:00,0.0,,4.65823,51.81407,0.0,ROTTERDAM,2021-11-07T18:30:00+00:00,under-way-using-engine,4,70,5,4,244750043,PE9379,,cargo,0,TRUDIE,u15qf02
155,61238,0.0,2021-01-24T06:06:59+00:00,0.0,,4.6579,51.81379,0.0,ROTTERDAM,2021-11-07T18:30:00+00:00,under-way-using-engine,4,70,5,4,244750043,PE9379,,cargo,0,TRUDIE,u15qcbr
156,57482,2.5,2021-01-23T10:20:56+00:00,0.0,,4.01165,51.95626,0.0,RDAM MAASVLAKTE RDAM,2021-06-18T20:00:00+00:00,moored,6,111,0,6,244630718,,,cargo,0,JORDY-M,u14ze63
157,2570,2.5,2021-01-02T16:31:54+00:00,0.0,,4.03501,51.93807,259.8,MAASVLAKTE,2021-12-31T16:59:00+00:00,moored,7,120,15,4,211560210,DB4165,,cargo,0,AARBURG,u14z7z4
158,20564,0.0,2021-01-09T00:31:56+00:00,0.0,,4.65821,51.81405,0.0,ROTTERDAM,2021-11-07T18:30:00+00:00,under-way-using-engine,4,70,5,4,244750043,PE9379,,cargo,0,TRUDIE,u15qf02
159,30020,1.6,2021-01-13T13:21:35+00:00,0.0,,3.99748,51.95868,0.0,DEN BOSCH/ROTTERDAM,2021-10-26T20:00:00+00:00,moored,10,76,16,2,244630036,PH5514,,other,0,CAAN,u14zdfy
160,77225,15.5,2021-01-31T06:26:59+00:00,0.3,216.0,4.00388,51.9558,350.9,EGSUC>NLROT,2021-01-29T12:30:00+00:00,moored,30,146,253,30,219019094,OWJJ2,hazardous-cat-a,cargo,9619969,MARIBO MAERSK,u14ze47
161,55050,2.5,2021-01-22T09:26:47+00:00,0.0,,4.03482,51.95741,0.0,RDAM MAASVLAKTE RDAM,2021-06-18T20:00:00+00:00,under-way-using-engine,6,111,0,6,244630718,,,cargo,0,JORDY-M,u14zefd
162,50885,1.5,2021-01-20T16:17:00+00:00,0.0,,4.31796,51.88831,,ARA VERKEER,2021-01-18T23:14:00+00:00,fishing,11,135,0,1,244700820,PB8188,all,tanker,0,CHARLOIS,u15p4mb
163,61829,1.8,2021-01-25T21:06:51+00:00,0.0,,4.40343,51.88008,315.2,ROTTERDAM,2021-01-25T03:59:00+00:00,under-way-using-engine,7,120,15,4,211560210,DB4165,,cargo,0,AARBURG,u15phhq
164,34249,0.0,2021-01-14T17:01:55+00:00,0.0,,4.66719,51.84672,193.3,ROTTERDAM,2021-11-07T18:30:00+00:00,under-way-using-engine,4,70,5,4,244750043,PE9379,,cargo,0,TRUDIE,u15qfnq
165,14977,2.5,2021-01-07T17:03:03+00:00,0.0,,4.01245,51.95751,0.0,RDAM MAASVLAKTE RDAM,2021-06-18T20:00:00+00:00,moored,6,111,0,6,244630718,,,cargo,0,JORDY-M,u14ze69
166,75469,2.5,2021-01-30T00:18:11+00:00,0.0,,4.0086,51.9587,0.0,RDAM MAASVLAKTE RDAM,2021-06-18T20:00:00+00:00,moored,6,111,0,6,244630718,,,cargo,0,JORDY-M,u14ze4y
167,72292,0.0,2021-01-29T10:16:57+00:00,0.0,,4.03381,51.93896,275.3,OCT --  EUROPOORT VV,2021-10-10T00:00:00+00:00,under-way-using-engine,4,74,12,7,244010773,PF3820,,cargo,0,LEVANTE,u14z7z1
168,48246,0.0,2021-01-19T18:31:56+00:00,0.0,,4.01295,51.95819,0.0,ROTTERDAM,2021-11-07T18:30:00+00:00,under-way-using-engine,4,70,5,4,244750043,PE9379,,cargo,0,TRUDIE,u14ze6d
169,36656,0.0,2021-01-15T02:01:53+00:00,0.0,,4.58885,51.89398,0.0,ROTTERDAM,2021-11-07T18:30:00+00:00,under-way-using-engine,4,70,5,4,244750043,PE9379,,cargo,0,TRUDIE,u15r0rj
170,26090,0.0,2021-01-11T02:41:56+00:00,0.0,,4.427,51.87927,0.0,ROTTERDAM,2021-11-07T18:30:00+00:00,under-way-using-engine,4,70,5,4,244750043,PE9379,,cargo,0,TRUDIE,u15phsr
171,53014,2.0,2021-01-21T05:19:08+00:00,0.3,,4.40634,51.8912,113.0,RDAM-BERGEN OP ZOOM,,moored,2,86,0,8,244670295,PF8141,,other,0,ROMEE,u15phq8
172,16845,0.0,2021-01-08T18:26:52+00:00,6.4,,4.34566,51.85289,140.4,OCT --  EUROPOORT VV,2021-10-10T00:00:00+00:00,under-way-using-engine,4,74,12,7,244010773,PF3820,,cargo,0,LEVANTE,u15nfzs
173,42247,0.0,2021-01-17T16:42:00+00:00,0.0,,4.65788,51.81376,0.0,,2021-11-07T18:30:00+00:00,under-way-using-engine,4,70,5,4,244750043,PE9379,,cargo,0,TRUDIE,u15qcbr
174,19827,2.0,2021-01-09T08:39:01+00:00,0.0,,4.04668,51.94453,244.3,RDAM-BERGEN OP ZOOM,,moored,2,86,0,8,244670295,PF8141,,other,0,ROMEE,u14zs04
175,45808,4.2,2021-01-19T12:16:54+00:00,0.0,83.0,4.05546,51.96268,350.3,ROTTERDAM NL,2021-01-18T11:30:00+00:00,under-way-using-engine,9,88,10,8,246046000,PHIA,hazardous-cat-c,cargo,9143415,ORION,u14zs79
176,51657,4.2,2021-01-21T00:16:35+00:00,0.1,83.0,4.05548,51.96268,15.0,ROTTERDAM NL,2021-01-18T11:30:00+00:00,under-way-using-engine,9,88,10,8,246046000,PHIA,hazardous-cat-c,cargo,9143415,ORION,u14zs79
177,160,2.5,2021-01-01T05:00:28+00:00,0.0,,4.00827,51.95783,122.5,MAASVLAKTE,2021-12-31T16:59:00+00:00,moored,7,120,15,4,211560210,DB4165,,cargo,0,AARBURG,u14ze4w
178,75733,2.5,2021-01-30T22:24:25+00:00,0.0,,4.03478,51.95754,0.0,RDAM MAASVLAKTE RDAM,2021-06-18T20:00:00+00:00,moored,6,111,0,6,244630718,,,cargo,0,JORDY-M,u14zefd
179,49827,2.5,2021-01-20T12:06:38+00:00,0.0,,4.01289,51.95924,0.0,RDAM MAASVLAKTE RDAM,2021-06-18T20:00:00+00:00,moored,6,111,0,6,244630718,,,cargo,0,JORDY-M,u14ze6f
180,46242,0.0,2021-01-19T09:41:46+00:00,0.0,,4.0326,51.94078,108.5,OCT --  EUROPOORT VV,2021-10-10T00:00:00+00:00,under-way-using-engine,4,74,12,7,244010773,PF3820,,cargo,0,LEVANTE,u14z7z8
181,16369,0.0,2021-01-08T02:46:52+00:00,0.0,,4.14872,51.93469,307.8,OCT --  EUROPOORT VV,2021-10-10T00:00:00+00:00,under-way-using-engine,4,74,12,7,244010773,PF3820,,cargo,0,LEVANTE,u14zqqm
182,44302,2.0,2021-01-18T14:04:19+00:00,0.0,,4.03878,51.96799,130.7,RDAM-BERGEN OP ZOOM,,moored,2,86,0,8,244670295,PF8141,,other,0,ROMEE,u14zeuk
183,61920,0.0,2021-01-25T04:41:58+00:00,6.7,,4.52938,51.83026,81.3,OCT --  EUROPOORT VV,2021-10-10T00:00:00+00:00,under-way-using-engine,4,74,12,7,244010773,PF3820,,cargo,0,LEVANTE,u15nz56
184,56974,0.0,2021-01-23T15:26:56+00:00,0.0,,4.16933,51.92812,335.3,OCT --  EUROPOORT VV,2021-10-10T00:00:00+00:00,under-way-using-engine,4,74,12,7,244010773,PF3820,,cargo,0,LEVANTE,u14zqvh
185,28791,0.0,2021-01-12T05:11:57+00:00,0.0,,4.42706,51.87927,0.0,,2021-11-07T18:30:00+00:00,under-way-using-engine,4,70,5,4,244750043,PE9379,,cargo,0,TRUDIE,u15phsr
186,40677,2.5,2021-01-17T01:11:26+00:00,0.0,,4.0346,51.95745,0.0,RDAM MAASVLAKTE RDAM,2021-06-18T20:00:00+00:00,moored,6,111,0,6,244630718,,,cargo,0,JORDY-M,u14zef9
187,53072,2.0,2021-01-21T10:07:08+00:00,0.0,,4.40624,51.8912,110.9,RDAM-BERGEN OP ZOOM,,moored,2,86,0,8,244670295,PF8141,,other,0,ROMEE,u15phq8
188,64867,0.0,2021-01-26T21:41:58+00:00,6.1,,4.57155,51.81007,125.4,OCT --  EUROPOORT VV,2021-10-10T00:00:00+00:00,under-way-using-engine,4,74,12,7,244010773,PF3820,,cargo,0,LEVANTE,u15q8p8
189,10189,1.5,2021-01-05T02:06:44+00:00,0.0,,4.2907,51.88452,,ARA VERKEER,2021-01-18T23:14:00+00:00,fishing,11,135,0,1,244700820,PB8188,all,tanker,0,CHARLOIS,u15p1tk
190,7734,1.5,2021-01-04T11:11:43+00:00,0.1,,4.29068,51.8845,,ARA VERKEER,2021-01-18T23:14:00+00:00,fishing,11,135,0,1,244700820,PB8188,all,tanker,0,CHARLOIS,u15p1tk
191,59410,0.0,2021-01-24T00:31:47+00:00,0.0,,4.16932,51.92816,132.1,OCT --  EUROPOORT VV,2021-10-10T00:00:00+00:00,under-way-using-engine,4,74,12,7,244010773,PF3820,,cargo,0,LEVANTE,u14zqvh
192,51201,0.0,2021-01-20T18:37:00+00:00,0.0,,4.45214,51.88831,0.0,ROTTERDAM,2021-11-07T18:30:00+00:00,under-way-using-engine,4,70,5,4,244750043,PE9379,,cargo,0,TRUDIE,u15pjmc
193,65180,2.5,2021-01-26T00:05:14+00:00,0.0,,4.04974,51.95856,0.0,RDAM MAASVLAKTE RDAM,2021-06-18T20:00:00+00:00,moored,6,111,0,6,244630718,,,cargo,0,JORDY-M,u14zs4u
194,78177,0.0,2021-01-31T23:30:56+00:00,0.0,,4.0109,51.95821,94.6,OCT --  EUROPOORT VV,2021-10-10T00:00:00+00:00,under-way-using-engine,4,74,12,7,244010773,PF3820,,cargo,0,LEVANTE,u14ze68
195,8821,0.0,2021-01-05T13:16:53+00:00,8.0,,4.18731,51.9132,302.3,OCT --  EUROPOORT VV,2021-10-10T00:00:00+00:00,under-way-using-engine,4,74,12,7,244010773,PF3820,,cargo,0,LEVANTE,u14zr69
196,42289,0.0,2021-01-17T20:11:50+00:00,0.0,,4.6579,51.81375,0.0,,2021-11-07T18:30:00+00:00,under-way-using-engine,4,70,5,4,244750043,PE9379,,cargo,0,TRUDIE,u15qcbr
197,57429,2.5,2021-01-23T05:56:58+00:00,0.0,,4.01165,51.95626,0.0,RDAM MAASVLAKTE RDAM,2021-06-18T20:00:00+00:00,moored,6,111,0,6,244630718,,,cargo,0,JORDY-M,u14ze63
198,31179,1.5,2021-01-13T09:37:00+00:00,8.6,,4.41702,51.90217,250.4,ARA VERKEER,2021-01-18T23:14:00+00:00,fishing,11,135,0,1,244700820,PB8188,all,tanker,0,CHARLOIS,u15pk88
199,40301,0.0,2021-01-17T17:31:47+00:00,0.0,,4.06985,51.9599,106.6,OCT --  EUROPOORT VV,2021-10-10T00:00:00+00:00,under-way-using-engine,4,74,12,7,244010773,PF3820,,cargo,0,LEVANTE,u14zse5
200,74429,15.5,2021-01-30T08:01:21+00:00,0.0,216.0,4.00387,51.95578,216.0,EGSUC>NLROT,2021-01-29T12:30:00+00:00,moored,30,146,253,30,219019094,OWJJ2,hazardous-cat-a,cargo,9619969,MARIBO MAERSK,u14ze47
201,67771,1.6,2021-01-27T14:56:54+00:00,10.5,,4.33489,51.8941,84.1,DEN BOSCH/ROTTERDAM,2021-10-26T20:00:00+00:00,under-way-using-engine,10,76,16,2,244630036,PH5514,,other,0,CAAN,u15p4xh
202,46051,2.3,2021-01-19T17:01:51+00:00,0.0,,4.42831,51.89561,283.4,ROTTERDAM,2021-01-18T06:59:00+00:00,under-way-using-engine,7,120,15,4,211560210,DB4165,,cargo,0,AARBURG,u15phz2
203,32360,0.0,2021-01-14T15:31:57+00:00,8.6,,4.63771,51.86794,125.9,OCT --  EUROPOORT VV,2021-10-10T00:00:00+00:00,under-way-using-engine,4,74,12,7,244010773,PF3820,,cargo,0,LEVANTE,u15r1d3
204,45339,2.3,2021-01-19T05:31:56+00:00,0.0,,4.42466,51.87856,198.4,ROTTERDAM,2021-01-18T06:59:00+00:00,under-way-using-engine,7,120,15,4,211560210,DB4165,,cargo,0,AARBURG,u15phsj
205,63185,2.0,2021-01-25T20:36:25+00:00,0.0,,4.07697,51.95302,121.4,RDAM-BERGEN OP ZOOM,,moored,2,86,0,8,244670295,PF8141,,other,0,ROMEE,u14zscb
206,74386,15.5,2021-01-30T04:25:27+00:00,0.1,216.0,4.00387,51.9558,216.0,EGSUC>NLROT,2021-01-29T12:30:00+00:00,moored,30,146,253,30,219019094,OWJJ2,hazardous-cat-a,cargo,9619969,MARIBO MAERSK,u14ze47
207,62527,2.5,2021-01-25T13:11:55+00:00,10.1,,4.29727,51.86616,269.2,RDAM MAASVLAKTE RDAM,2021-06-18T20:00:00+00:00,under-way-using-engine,6,111,0,6,244630718,,,cargo,0,JORDY-M,u15p1cc
208,20626,0.0,2021-01-09T05:41:56+00:00,0.0,,4.65819,51.81407,0.0,ROTTERDAM,2021-11-07T18:30:00+00:00,under-way-using-engine,4,70,5,4,244750043,PE9379,,cargo,0,TRUDIE,u15qcbr
209,751,2.5,2021-01-01T21:57:27+00:00,0.0,,4.03351,51.95976,70.2,MAASVLAKTE,2021-12-31T16:59:00+00:00,moored,7,120,15,4,211560210,DB4165,,cargo,0,AARBURG,u14zefc
210,5069,2.5,2021-01-03T14:53:58+00:00,0.0,,4.01199,51.95637,0.0,RDAM MAASVLAKTE RDAM,2021-06-18T20:00:00+00:00,moored,6,111,0,6,244630718,,,cargo,0,JORDY-M,u14ze63
211,19776,2.0,2021-01-09T04:26:57+00:00,8.8,,4.0743,51.95999,129.6,RDAM-BERGEN OP ZOOM,,under-way-using-engine,2,86,0,8,244670295,PF8141,,other,0,ROMEE,u14zsen
212,31346,1.5,2021-01-13T23:31:50+00:00,0.0,,4.30993,51.8728,,ARA VERKEER,2021-01-18T23:14:00+00:00,fishing,11,135,0,1,244700820,PB8188,all,tanker,0,CHARLOIS,u15p454
213,7762,1.5,2021-01-04T13:31:44+00:00,0.2,,4.29073,51.88453,,ARA VERKEER,2021-01-18T23:14:00+00:00,fishing,11,135,0,1,244700820,PB8188,all,tanker,0,CHARLOIS,u15p1tk
214,69639,0.0,2021-01-28T08:36:27+00:00,6.6,,4.08091,51.94149,163.1,OCT --  EUROPOORT VV,2021-10-10T00:00:00+00:00,under-way-using-engine,4,74,12,7,244010773,PF3820,,cargo,0,LEVANTE,u14zkze
215,79848,0.0,2021-01-31T10:11:57+00:00,0.0,,4.65819,51.81404,323.5,ROTTERDAM,2021-11-07T18:30:00+00:00,under-way-using-engine,4,70,5,4,244750043,PE9379,,cargo,0,TRUDIE,u15qcbr
216,79965,0.0,2021-01-31T19:56:58+00:00,0.0,,4.42847,51.89569,0.0,ROTTERDAM,2021-11-07T18:30:00+00:00,under-way-using-engine,4,70,5,4,244750043,PE9379,,cargo,0,TRUDIE,u15phz2
217,25998,1.5,2021-01-11T19:02:01+00:00,5.0,,4.32478,51.88324,163.2,ARA VERKEER,2021-01-18T23:14:00+00:00,fishing,11,135,0,1,244700820,PB8188,all,tanker,0,CHARLOIS,u15p4mj
218,60120,2.5,2021-01-24T19:20:43+00:00,0.0,,4.03744,51.95758,0.0,RDAM MAASVLAKTE RDAM,2021-06-18T20:00:00+00:00,moored,6,111,0,6,244630718,,,cargo,0,JORDY-M,u14zefe
219,40221,0.0,2021-01-17T10:51:57+00:00,0.0,,4.03259,51.94082,238.9,OCT --  EUROPOORT VV,2021-10-10T00:00:00+00:00,under-way-using-engine,4,74,12,7,244010773,PF3820,,cargo,0,LEVANTE,u14z7z8
220,60118,2.5,2021-01-24T19:11:53+00:00,0.0,,4.03744,51.95758,0.0,RDAM MAASVLAKTE RDAM,2021-06-18T20:00:00+00:00,moored,6,111,0,6,244630718,,,cargo,0,JORDY-M,u14zefe
221,36849,0.0,2021-01-15T18:06:53+00:00,0.0,,4.65788,51.81383,0.0,ROTTERDAM,2021-11-07T18:30:00+00:00,under-way-using-engine,4,70,5,4,244750043,PE9379,,cargo,0,TRUDIE,u15qcbr
222,61437,0.0,2021-01-24T22:41:59+00:00,0.0,,4.65795,51.81372,120.5,ROTTERDAM,2021-11-07T18:30:00+00:00,under-way-using-engine,4,70,5,4,244750043,PE9379,,cargo,0,TRUDIE,u15qcbr
223,19329,2.5,2021-01-09T02:50:33+00:00,0.0,,4.01227,51.9579,0.0,RDAM MAASVLAKTE RDAM,2021-06-18T20:00:00+00:00,moored,6,111,0,6,244630718,,,cargo,0,JORDY-M,u14ze69
224,14205,0.0,2021-01-07T00:51:53+00:00,0.0,,4.00544,51.96236,75.4,OCT --  EUROPOORT VV,2021-10-10T00:00:00+00:00,under-way-using-engine,4,74,12,7,244010773,PF3820,,cargo,0,LEVANTE,u14ze5k
225,68120,2.5,2021-01-27T20:06:58+00:00,0.0,,4.44026,51.8803,0.0,RDAM MAASVLAKTE RDAM,2021-06-18T20:00:00+00:00,under-way-using-engine,6,111,0,6,244630718,,,cargo,0,JORDY-M,u15pjh9
226,9127,1.6,2021-01-05T14:51:56+00:00,3.7,,4.41071,51.89037,113.1,DEN BOSCH/ROTTERDAM,2021-10-26T20:00:00+00:00,under-way-using-engine,10,76,16,2,244630036,PH5514,,other,0,CAAN,u15phq7
227,64986,1.6,2021-01-26T07:44:51+00:00,0.0,,4.03198,51.94526,0.0,DEN BOSCH/ROTTERDAM,2021-10-26T20:00:00+00:00,moored,10,76,16,2,244630036,PH5514,,other,0,CAAN,u14ze8r
228,19324,2.5,2021-01-09T02:26:31+00:00,0.0,,4.01227,51.9579,0.0,RDAM MAASVLAKTE RDAM,2021-06-18T20:00:00+00:00,moored,6,111,0,6,244630718,,,cargo,0,JORDY-M,u14ze69
229,52348,1.6,2021-01-21T12:31:59+00:00,10.9,,4.24493,51.87214,304.1,DEN BOSCH/ROTTERDAM,2021-10-26T20:00:00+00:00,under-way-using-engine,10,76,16,2,244630036,PH5514,,other,0,CAAN,u15p0e5
230,69949,1.6,2021-01-28T10:31:23+00:00,0.0,,4.40843,51.8908,0.0,DEN BOSCH/ROTTERDAM,2021-10-26T20:00:00+00:00,moored,10,76,16,2,244630036,PH5514,,other,0,CAAN,u15phq6
231,65637,2.0,2021-01-26T02:24:22+00:00,0.0,,4.07691,51.95302,154.7,RDAM-BERGEN OP ZOOM,,moored,2,86,0,8,244670295,PF8141,,other,0,ROMEE,u14zscb
232,42153,0.0,2021-01-17T08:51:51+00:00,0.0,,4.65787,51.81379,0.0,ROTTERDAM,2021-11-07T18:30:00+00:00,under-way-using-engine,4,70,5,4,244750043,PE9379,,cargo,0,TRUDIE,u15qcbr
233,6380,2.5,2021-01-04T12:16:25+00:00,0.0,,4.03493,51.93788,263.2,MAASVLAKTE,2021-01-04T10:59:00+00:00,moored,7,120,15,4,211560210,DB4165,,cargo,0,AARBURG,u14z7z4
234,78103,0.0,2021-01-31T17:21:17+00:00,0.0,,4.01093,51.95821,325.3,OCT --  EUROPOORT VV,2021-10-10T00:00:00+00:00,under-way-using-engine,4,74,12,7,244010773,PF3820,,cargo,0,LEVANTE,u14ze68
235,18961,0.0,2021-01-09T19:16:53+00:00,0.0,,4.16943,51.92817,285.1,OCT --  EUROPOORT VV,2021-10-10T00:00:00+00:00,under-way-using-engine,4,74,12,7,244010773,PF3820,,cargo,0,LEVANTE,u14zqvh
236,20607,0.0,2021-01-09T04:06:56+00:00,0.0,,4.6582,51.81406,0.0,ROTTERDAM,2021-11-07T18:30:00+00:00,under-way-using-engine,4,70,5,4,244750043,PE9379,,cargo,0,TRUDIE,u15qcbr
237,67811,1.6,2021-01-27T18:15:16+00:00,0.0,,4.42588,51.88339,0.0,DEN BOSCH/ROTTERDAM,2021-10-26T20:00:00+00:00,moored,10,76,16,2,244630036,PH5514,,other,0,CAAN,u15phtn
238,64390,4.8,2021-01-26T19:10:36+00:00,0.1,258.0,4.07304,51.9508,31.8,ROTTERDAM NL,2021-01-25T17:30:00+00:00,moored,9,88,10,8,246046000,PHIA,hazardous-cat-c,cargo,9143415,ORION,u14zs9m
239,14612,1.6,2021-01-07T10:40:55+00:00,0.0,,3.99573,51.95991,0.0,DEN BOSCH/ROTTERDAM,2021-10-26T20:00:00+00:00,moored,10,76,16,2,244630036,PH5514,,other,0,CAAN,u14zdgj
240,72851,2.5,2021-01-29T18:11:52+00:00,7.7,,4.1584,51.92974,115.5,RDAM MAASVLAKTE RDAM,2021-06-18T20:00:00+00:00,under-way-using-engine,6,111,0,6,244630718,,,cargo,0,JORDY-M,u14zqts
241,26771,2.2,2021-01-12T11:25:24+00:00,0.0,,4.02901,51.97586,92.2,ROTTERDAM,2021-01-11T03:59:00+00:00,moored,7,120,15,4,211560210,DB4165,,cargo,0,AARBURG,u14zetv
242,67128,5.4,2021-01-27T19:21:55+00:00,9.9,111.0,4.05306,51.96674,111.9,TEESPORT UK,2021-01-28T17:00:00+00:00,under-way-using-engine,9,88,10,8,246046000,PHIA,hazardous-cat-c,cargo,9143415,ORION,u14zshr
243,13299,1.5,2021-01-06T15:56:23+00:00,0.0,,4.30998,51.87279,,ARA VERKEER,2021-01-18T23:14:00+00:00,fishing,11,135,0,1,244700820,PB8188,all,tanker,0,CHARLOIS,u15p454
244,54975,2.5,2021-01-22T03:01:08+00:00,0.0,,4.0119,51.95628,0.0,RDAM MAASVLAKTE RDAM,2021-06-18T20:00:00+00:00,moored,6,111,0,6,244630718,,,cargo,0,JORDY-M,u14ze63
245,35292,2.5,2021-01-15T08:21:11+00:00,0.0,,4.01192,51.95805,0.0,RDAM MAASVLAKTE RDAM,2021-06-18T20:00:00+00:00,under-way-using-engine,6,111,0,6,244630718,,,cargo,0,JORDY-M,u14ze69
246,52329,1.6,2021-01-21T10:56:58+00:00,8.2,,4.61253,51.80345,298.2,DEN BOSCH/ROTTERDAM,2021-10-26T20:00:00+00:00,under-way-using-engine,10,76,16,2,244630036,PH5514,,other,0,CAAN,u15q8yw
247,61346,0.0,2021-01-24T15:06:59+00:00,0.0,,4.65795,51.81383,0.0,ROTTERDAM,2021-11-07T18:30:00+00:00,under-way-using-engine,4,70,5,4,244750043,PE9379,,cargo,0,TRUDIE,u15qcbr
248,11658,0.0,2021-01-06T04:21:53+00:00,0.0,,4.04397,51.95792,241.1,OCT --  EUROPOORT VV,2021-10-10T00:00:00+00:00,under-way-using-engine,4,74,12,7,244010773,PF3820,,cargo,0,LEVANTE,u14zs48
249,64920,1.6,2021-01-26T01:57:21+00:00,0.0,,4.03834,51.96846,0.0,DEN BOSCH/ROTTERDAM,2021-10-26T20:00:00+00:00,moored,10,76,16,2,244630036,PH5514,,other,0,CAAN,u14zeus
250,23523,0.0,2021-01-10T19:26:56+00:00,0.0,,4.42703,51.87924,0.0,ROTTERDAM,2021-11-07T18:30:00+00:00,under-way-using-engine,4,70,5,4,244750043,PE9379,,cargo,0,TRUDIE,u15phsr
251,11704,0.0,2021-01-06T08:11:32+00:00,8.2,,4.48529,51.83486,81.7,OCT --  EUROPOORT VV,2021-10-10T00:00:00+00:00,under-way-using-engine,4,74,12,7,244010773,PF3820,,cargo,0,LEVANTE,u15nyh4
252,55943,1.5,2021-01-22T09:41:02+00:00,0.0,,4.29195,51.87624,,ARA VERKEER,2021-01-18T23:14:00+00:00,fishing,11,135,0,1,244700820,PB8188,all,tanker,0,CHARLOIS,u15p1ev
253,64964,1.6,2021-01-26T05:33:28+00:00,0.0,,4.03198,51.94526,0.0,DEN BOSCH/ROTTERDAM,2021-10-26T20:00:00+00:00,moored,10,76,16,2,244630036,PH5514,,other,0,CAAN,u14ze8r
254,19469,2.5,2021-01-09T14:28:59+00:00,0.0,,4.01179,51.95783,0.0,RDAM MAASVLAKTE RDAM,2021-06-18T20:00:00+00:00,moored,6,111,0,6,244630718,,,cargo,0,JORDY-M,u14ze69
255,61159,1.5,2021-01-24T23:26:09+00:00,0.0,,4.30996,51.87278,,ARA VERKEER,2021-01-18T23:14:00+00:00,fishing,11,135,0,1,244700820,PB8188,all,tanker,0,CHARLOIS,u15p454
256,55121,2.5,2021-01-22T15:21:46+00:00,0.0,,4.24035,51.87997,0.0,RDAM MAASVLAKTE RDAM,2021-06-18T20:00:00+00:00,moored,6,111,0,6,244630718,,,cargo,0,JORDY-M,u15p0kr
257,3212,2.5,2021-01-02T21:58:00+00:00,0.0,,4.03488,51.95843,0.0,RDAM MAASVLAKTE RDAM,2021-06-18T20:00:00+00:00,moored,6,111,0,6,244630718,,,cargo,0,JORDY-M,u14zefd
258,15305,2.0,2021-01-07T12:36:57+00:00,0.0,,3.99544,51.95969,180.8,RDAM-BERGEN OP ZOOM,,moored,2,86,0,8,244670295,PF8141,,other,0,ROMEE,u14zdfv
259,43609,2.5,2021-01-18T01:59:42+00:00,0.0,,4.05303,51.95862,0.0,RDAM MAASVLAKTE RDAM,2021-06-18T20:00:00+00:00,moored,6,111,0,6,244630718,,,cargo,0,JORDY-M,u14zs4z
260,44418,2.0,2021-01-18T23:45:51+00:00,0.0,,4.07655,51.95378,158.5,RDAM-BERGEN OP ZOOM,,moored,2,86,0,8,244670295,PF8141,,other,0,ROMEE,u14zscb
261,44307,2.0,2021-01-18T14:28:21+00:00,0.0,,4.03879,51.96798,274.6,RDAM-BERGEN OP ZOOM,,moored,2,86,0,8,244670295,PF8141,,other,0,ROMEE,u14zeuk
262,43786,2.5,2021-01-18T16:51:28+00:00,0.0,,4.01289,51.95924,0.0,RDAM MAASVLAKTE RDAM,2021-06-18T20:00:00+00:00,moored,6,111,0,6,244630718,,,cargo,0,JORDY-M,u14ze6f
263,42233,0.0,2021-01-17T15:31:50+00:00,0.0,,4.65795,51.81381,0.0,ROTTERDAM,2021-11-07T18:30:00+00:00,under-way-using-engine,4,70,5,4,244750043,PE9379,,cargo,0,TRUDIE,u15qcbr
264,46256,0.0,2021-01-19T10:51:05+00:00,0.0,,4.03258,51.9408,303.9,OCT --  EUROPOORT VV,2021-10-10T00:00:00+00:00,under-way-using-engine,4,74,12,7,244010773,PF3820,,cargo,0,LEVANTE,u14z7z8
265,63468,1.5,2021-01-25T03:51:28+00:00,0.0,,4.31761,51.88905,,ARA VERKEER,2021-01-18T23:14:00+00:00,fishing,11,135,0,1,244700820,PB8188,all,tanker,0,CHARLOIS,u15p4np
266,25803,1.5,2021-01-11T02:46:42+00:00,0.0,,4.29197,51.87622,,ARA VERKEER,2021-01-18T23:14:00+00:00,fishing,11,135,0,1,244700820,PB8188,all,tanker,0,CHARLOIS,u15p1ev
267,731,2.5,2021-01-01T20:21:25+00:00,0.0,,4.03356,51.95979,342.2,MAASVLAKTE,2021-12-31T16:59:00+00:00,moored,7,120,15,4,211560210,DB4165,,cargo,0,AARBURG,u14zefc
268,51736,4.2,2021-01-21T06:51:25+00:00,0.1,83.0,4.05546,51.96267,216.1,ROTTERDAM NL,2021-01-18T11:30:00+00:00,under-way-using-engine,9,88,10,8,246046000,PHIA,hazardous-cat-c,cargo,9143415,ORION,u14zs79
269,24833,2.5,2021-01-11T15:16:16+00:00,2.9,,4.01154,51.95752,266.9,RDAM MAASVLAKTE RDAM,2021-06-18T20:00:00+00:00,under-way-using-engine,6,111,0,6,244630718,,,cargo,0,JORDY-M,u14ze69
270,64748,0.0,2021-01-26T11:46:57+00:00,0.0,,4.03382,51.939,305.6,OCT --  EUROPOORT VV,2021-10-10T00:00:00+00:00,under-way-using-engine,4,74,12,7,244010773,PF3820,,cargo,0,LEVANTE,u14z7z1
271,67059,4.8,2021-01-27T13:35:37+00:00,0.0,175.0,3.99544,51.95992,306.4,ROTTERDAM NL,2021-01-25T17:30:00+00:00,moored,9,88,10,8,246046000,PHIA,hazardous-cat-c,cargo,9143415,ORION,u14zdgj
272,26783,2.2,2021-01-12T12:26:57+00:00,0.0,,4.01206,51.95811,101.2,ROTTERDAM,2021-01-11T03:59:00+00:00,under-way-using-engine,7,120,15,4,211560210,DB4165,,cargo,0,AARBURG,u14ze69
273,29895,1.6,2021-01-13T02:46:51+00:00,8.4,,4.14037,51.96792,285.1,DEN BOSCH/ROTTERDAM,2021-10-26T20:00:00+00:00,under-way-using-engine,10,76,16,2,244630036,PH5514,,other,0,CAAN,u14zwhq
274,8615,2.5,2021-01-05T20:06:53+00:00,10.1,,4.5842,51.89991,136.4,BONN,2021-01-07T00:59:00+00:00,under-way-using-engine,7,120,15,4,211560210,DB4165,,cargo,0,AARBURG,u15r224
275,61450,0.0,2021-01-24T23:47:01+00:00,0.0,,4.65792,51.81382,0.0,ROTTERDAM,2021-11-07T18:30:00+00:00,under-way-using-engine,4,70,5,4,244750043,PE9379,,cargo,0,TRUDIE,u15qcbr
276,24831,2.5,2021-01-11T15:02:46+00:00,0.0,,4.01253,51.95747,0.0,RDAM MAASVLAKTE RDAM,2021-06-18T20:00:00+00:00,moored,6,111,0,6,244630718,,,cargo,0,JORDY-M,u14ze69
277,27189,0.0,2021-01-12T22:16:53+00:00,5.9,,4.55249,51.82964,130.1,OCT --  EUROPOORT VV,2021-10-10T00:00:00+00:00,under-way-using-engine,4,74,12,7,244010773,PF3820,,cargo,0,LEVANTE,u15nze7
278,14581,1.6,2021-01-07T08:11:07+00:00,0.0,,4.01168,51.95901,0.0,DEN BOSCH/ROTTERDAM,2021-10-26T20:00:00+00:00,moored,10,76,16,2,244630036,PH5514,,other,0,CAAN,u14ze6c
279,78029,0.0,2021-01-31T11:11:57+00:00,9.7,,4.25817,51.86759,299.1,OCT --  EUROPOORT VV,2021-10-10T00:00:00+00:00,under-way-using-engine,4,74,12,7,244010773,PF3820,,cargo,0,LEVANTE,u15p0fh
280,31207,1.5,2021-01-13T11:56:50+00:00,6.4,,4.30692,51.88828,100.4,ARA VERKEER,2021-01-18T23:14:00+00:00,fishing,11,135,0,1,244700820,PB8188,all,tanker,0,CHARLOIS,u15p4jb
281,61813,1.8,2021-01-25T19:47:00+00:00,0.0,,4.3967,51.87951,280.5,ROTTERDAM,2021-01-25T03:59:00+00:00,under-way-using-engine,7,120,15,4,211560210,DB4165,,cargo,0,AARBURG,u15phh3
282,51843,4.2,2021-01-21T15:46:24+00:00,0.0,258.0,4.07293,51.95077,46.8,ROTTERDAM NL,2021-01-18T11:30:00+00:00,under-way-using-engine,9,88,10,8,246046000,PHIA,hazardous-cat-c,cargo,9143415,ORION,u14zs9m
283,67126,5.4,2021-01-27T19:12:01+00:00,8.8,109.0,4.01091,51.97585,105.1,TEESPORT UK,2021-01-28T17:00:00+00:00,under-way-using-engine,9,88,10,8,246046000,PHIA,hazardous-cat-c,cargo,9143415,ORION,u14zemb
284,63210,2.0,2021-01-25T22:39:23+00:00,0.0,,4.07694,51.95302,165.5,RDAM-BERGEN OP ZOOM,,moored,2,86,0,8,244670295,PF8141,,other,0,ROMEE,u14zscb
285,53141,2.0,2021-01-21T15:46:08+00:00,0.0,,4.40638,51.89125,177.4,RDAM-BERGEN OP ZOOM,,moored,2,86,0,8,244670295,PF8141,,other,0,ROMEE,u15phq8
286,29115,2.2,2021-01-13T08:12:00+00:00,7.0,,4.32164,51.89122,342.9,ROTTERDAM,2021-01-11T03:59:00+00:00,under-way-using-engine,7,120,15,4,211560210,DB4165,,cargo,0,AARBURG,u15p4qd
287,32698,1.6,2021-01-14T20:29:38+00:00,0.0,,4.07645,51.95412,0.0,DEN BOSCH/ROTTERDAM,2021-10-26T20:00:00+00:00,moored,10,76,16,2,244630036,PH5514,,other,0,CAAN,u14zscb
288,57168,1.6,2021-01-23T07:48:05+00:00,0.0,,3.99642,51.95999,0.0,DEN BOSCH/ROTTERDAM,2021-10-26T20:00:00+00:00,moored,10,76,16,2,244630036,PH5514,,other,0,CAAN,u14zdgn
289,32336,0.0,2021-01-14T13:31:56+00:00,0.0,,4.43675,51.88175,59.7,OCT --  EUROPOORT VV,2021-10-10T00:00:00+00:00,under-way-using-engine,4,74,12,7,244010773,PF3820,,cargo,0,LEVANTE,u15phuy
290,28765,0.0,2021-01-12T03:01:57+00:00,0.0,,4.42705,51.87928,0.0,,2021-11-07T18:30:00+00:00,under-way-using-engine,4,70,5,4,244750043,PE9379,,cargo,0,TRUDIE,u15phsr
291,52335,1.6,2021-01-21T11:26:59+00:00,9.7,,4.51627,51.83209,292.7,DEN BOSCH/ROTTERDAM,2021-10-26T20:00:00+00:00,under-way-using-engine,10,76,16,2,244630036,PH5514,,other,0,CAAN,u15nyg8
292,8854,0.0,2021-01-05T16:00:33+00:00,0.0,,4.03372,51.95912,167.8,OCT --  EUROPOORT VV,2021-10-10T00:00:00+00:00,under-way-using-engine,4,74,12,7,244010773,PF3820,,cargo,0,LEVANTE,u14zefc
293,42200,0.0,2021-01-17T12:47:01+00:00,0.0,,4.6579,51.81379,0.0,ROTTERDAM,2021-11-07T18:30:00+00:00,under-way-using-engine,4,70,5,4,244750043,PE9379,,cargo,0,TRUDIE,u15qcbr
294,46900,2.5,2021-01-19T17:03:29+00:00,0.0,,4.01289,51.95924,0.0,RDAM MAASVLAKTE RDAM,2021-06-18T20:00:00+00:00,moored,6,111,0,6,244630718,,,cargo,0,JORDY-M,u14ze6f
295,71401,1.5,2021-01-28T20:56:50+00:00,0.0,,4.31782,51.88844,,ARA VERKEER,2021-01-18T23:14:00+00:00,fishing,11,135,0,1,244700820,PB8188,all,tanker,0,CHARLOIS,u15p4q0
296,15328,2.0,2021-01-07T14:29:10+00:00,0.0,,4.03061,51.97551,234.5,RDAM-BERGEN OP ZOOM,,moored,2,86,0,8,244670295,PF8141,,other,0,ROMEE,u14zetz
297,50890,1.5,2021-01-20T16:41:41+00:00,0.0,,4.31795,51.88832,,ARA VERKEER,2021-01-18T23:14:00+00:00,fishing,11,135,0,1,244700820,PB8188,all,tanker,0,CHARLOIS,u15p4mb
298,46017,2.3,2021-01-19T14:11:51+00:00,0.0,,4.43333,51.89675,140.9,ROTTERDAM,2021-01-18T06:59:00+00:00,under-way-using-engine,7,120,15,4,211560210,DB4165,,cargo,0,AARBURG,u15phzs
299,22089,2.5,2021-01-10T14:51:58+00:00,0.0,,4.00923,51.95776,0.0,RDAM MAASVLAKTE RDAM,2021-06-18T20:00:00+00:00,moored,6,111,0,6,244630718,,,cargo,0,JORDY-M,u14ze4x
300,51759,4.2,2021-01-21T08:46:23+00:00,0.0,83.0,4.05546,51.96267,333.2,ROTTERDAM NL,2021-01-18T11:30:00+00:00,under-way-using-engine,9,88,10,8,246046000,PHIA,hazardous-cat-c,cargo,9143415,ORION,u14zs79
301,50771,1.5,2021-01-20T06:47:01+00:00,0.0,,4.31798,51.88831,,ARA VERKEER,2021-01-18T23:14:00+00:00,fishing,11,135,0,1,244700820,PB8188,all,tanker,0,CHARLOIS,u15p4mb
302,71506,0.0,2021-01-28T05:42:01+00:00,0.0,,4.65817,51.81405,0.0,ROTTERDAM,2021-11-07T18:30:00+00:00,under-way-using-engine,4,70,5,4,244750043,PE9379,,cargo,0,TRUDIE,u15qcbr
303,11871,0.0,2021-01-06T22:16:52+00:00,8.8,,4.25682,51.86783,300.1,OCT --  EUROPOORT VV,2021-10-10T00:00:00+00:00,under-way-using-engine,4,74,12,7,244010773,PF3820,,cargo,0,LEVANTE,u15p0f7
304,6960,2.5,2021-01-04T09:26:42+00:00,0.0,,4.36834,51.89473,0.0,RDAM MAASVLAKTE RDAM,2021-06-18T20:00:00+00:00,moored,6,111,0,6,244630718,,,cargo,0,JORDY-M,u15p5rh
305,15029,2.5,2021-01-07T21:36:13+00:00,0.0,,4.01085,51.95765,0.0,RDAM MAASVLAKTE RDAM,2021-06-18T20:00:00+00:00,moored,6,111,0,6,244630718,,,cargo,0,JORDY-M,u14ze68
306,52743,2.5,2021-01-21T21:21:57+00:00,0.0,,4.00718,51.95839,0.0,RDAM MAASVLAKTE RDAM,2021-06-18T20:00:00+00:00,under-way-using-engine,6,111,0,6,244630718,,,cargo,0,JORDY-M,u14ze4t
307,68050,2.5,2021-01-27T14:06:27+00:00,0.0,,4.03235,51.94522,0.0,RDAM MAASVLAKTE RDAM,2021-06-18T20:00:00+00:00,moored,6,111,0,6,244630718,,,cargo,0,JORDY-M,u14zeb2
308,80001,0.0,2021-01-31T22:56:58+00:00,0.0,,4.42846,51.89568,0.0,ROTTERDAM,2021-11-07T18:30:00+00:00,under-way-using-engine,4,70,5,4,244750043,PE9379,,cargo,0,TRUDIE,u15phz2
309,61284,0.0,2021-01-24T09:57:00+00:00,0.0,,4.65789,51.81375,0.0,ROTTERDAM,2021-11-07T18:30:00+00:00,under-way-using-engine,4,70,5,4,244750043,PE9379,,cargo,0,TRUDIE,u15qcbr
310,42814,4.2,2021-01-18T15:06:54+00:00,0.0,160.0,4.03204,51.94623,348.9,ROTTERDAM NL,2021-01-18T11:30:00+00:00,under-way-using-engine,9,88,10,8,246046000,PHIA,hazardous-cat-c,cargo,9143415,ORION,u14zeb8
311,8985,1.6,2021-01-05T03:01:55+00:00,9.0,,4.48681,51.91166,214.5,DEN BOSCH/ROTTERDAM,2021-10-26T20:00:00+00:00,under-way-using-engine,10,76,16,2,244630036,PH5514,,other,0,CAAN,u15pq45
312,66562,0.0,2021-01-26T13:11:45+00:00,0.0,,4.07309,51.95074,256.2,ROTTERDAM,2021-11-07T18:30:00+00:00,under-way-using-engine,4,70,5,4,244750043,PE9379,,cargo,0,TRUDIE,u14zs9m
313,45867,4.2,2021-01-19T17:11:55+00:00,0.1,83.0,4.05546,51.96265,86.0,ROTTERDAM NL,2021-01-18T11:30:00+00:00,under-way-using-engine,9,88,10,8,246046000,PHIA,hazardous-cat-c,cargo,9143415,ORION,u14zs79
314,35813,2.0,2021-01-15T03:37:42+00:00,0.0,,4.04321,51.97259,292.6,RDAM-BERGEN OP ZOOM,,moored,2,86,0,8,244670295,PF8141,,other,0,ROMEE,u14zsj2
315,13218,1.5,2021-01-06T09:11:43+00:00,0.1,,4.30993,51.87281,,ARA VERKEER,2021-01-18T23:14:00+00:00,fishing,11,135,0,1,244700820,PB8188,all,tanker,0,CHARLOIS,u15p454
316,15269,2.0,2021-01-07T09:36:56+00:00,8.5,,4.49263,51.83614,268.6,RDAM-BERGEN OP ZOOM,,under-way-using-engine,2,86,0,8,244670295,PF8141,,other,0,ROMEE,u15nyhr
317,75208,1.6,2021-01-30T00:41:53+00:00,7.3,,4.32861,51.86636,272.1,DEN BOSCH/ROTTERDAM,2021-10-26T20:00:00+00:00,under-way-using-engine,10,76,16,2,244630036,PH5514,,other,0,CAAN,u15p43z
318,2798,0.0,2021-01-02T11:26:53+00:00,10.1,,4.49033,51.83638,270.3,OCT --  EUROPOORT VV,2021-10-10T00:00:00+00:00,under-way-using-engine,4,74,12,7,244010773,PF3820,,cargo,0,LEVANTE,u15nyht
319,22069,2.5,2021-01-10T13:15:59+00:00,0.0,,4.00923,51.95776,0.0,RDAM MAASVLAKTE RDAM,2021-06-18T20:00:00+00:00,moored,6,111,0,6,244630718,,,cargo,0,JORDY-M,u14ze4x
320,21409,0.0,2021-01-10T01:51:53+00:00,0.0,,4.16923,51.92818,308.0,OCT --  EUROPOORT VV,2021-10-10T00:00:00+00:00,under-way-using-engine,4,74,12,7,244010773,PF3820,,cargo,0,LEVANTE,u14zqv5
321,7512,2.0,2021-01-04T18:59:36+00:00,0.0,,4.01101,51.95805,358.3,RDAM-BERGEN OP ZOOM,,moored,2,86,0,8,244670295,PF8141,,other,0,ROMEE,u14ze68
322,23496,0.0,2021-01-10T17:11:56+00:00,0.0,,4.42708,51.87923,0.0,ROTTERDAM,2021-11-07T18:30:00+00:00,under-way-using-engine,4,70,5,4,244750043,PE9379,,cargo,0,TRUDIE,u15phsr
323,24798,2.5,2021-01-11T12:19:49+00:00,0.0,,4.24188,51.87956,0.0,RDAM MAASVLAKTE RDAM,2021-06-18T20:00:00+00:00,moored,6,111,0,6,244630718,,,cargo,0,JORDY-M,u15p0s2
324,40710,2.5,2021-01-17T03:56:15+00:00,0.0,,4.0346,51.95745,0.0,RDAM MAASVLAKTE RDAM,2021-06-18T20:00:00+00:00,moored,6,111,0,6,244630718,,,cargo,0,JORDY-M,u14zef9
325,52651,2.5,2021-01-21T13:39:49+00:00,0.0,,4.29842,51.89199,0.0,RDAM MAASVLAKTE RDAM,2021-06-18T20:00:00+00:00,moored,6,111,0,6,244630718,,,cargo,0,JORDY-M,u15p1yd
326,47793,1.5,2021-01-19T04:41:42+00:00,0.0,,4.31852,51.88833,,ARA VERKEER,2021-01-18T23:14:00+00:00,fishing,11,135,0,1,244700820,PB8188,all,tanker,0,CHARLOIS,u15p4mb
327,18120,1.5,2021-01-08T15:16:37+00:00,0.0,,4.30995,51.87279,,ARA VERKEER,2021-01-18T23:14:00+00:00,fishing,11,135,0,1,244700820,PB8188,all,tanker,0,CHARLOIS,u15p454
328,8314,2.5,2021-01-05T03:04:54+00:00,0.0,,4.42429,51.87859,167.1,ROTTERDAM,2021-01-04T21:59:00+00:00,moored,7,120,15,4,211560210,DB4165,,cargo,0,AARBURG,u15phsj
329,76984,0.0,2021-01-30T10:21:51+00:00,0.0,,4.65818,51.81403,319.7,ROTTERDAM,2021-11-07T18:30:00+00:00,under-way-using-engine,4,70,5,4,244750043,PE9379,,cargo,0,TRUDIE,u15qcbr
330,54064,0.0,2021-01-21T20:51:59+00:00,0.0,,4.58896,51.89394,0.0,ROTTERDAM,2021-11-07T18:30:00+00:00,under-way-using-engine,4,70,5,4,244750043,PE9379,,cargo,0,TRUDIE,u15r0rj
331,66946,4.8,2021-01-27T04:09:36+00:00,0.1,310.0,4.15509,51.95362,17.5,ROTTERDAM NL,2021-01-25T17:30:00+00:00,moored,9,88,10,8,246046000,PHIA,hazardous-cat-c,cargo,9143415,ORION,u14zw9c
332,65245,2.5,2021-01-26T05:29:16+00:00,0.0,,4.04974,51.95856,0.0,RDAM MAASVLAKTE RDAM,2021-06-18T20:00:00+00:00,moored,6,111,0,6,244630718,,,cargo,0,JORDY-M,u14zs4u
333,32678,1.6,2021-01-14T18:50:47+00:00,0.0,,4.07645,51.95412,0.0,DEN BOSCH/ROTTERDAM,2021-10-26T20:00:00+00:00,moored,10,76,16,2,244630036,PH5514,,other,0,CAAN,u14zscb
334,79966,0.0,2021-01-31T20:01:58+00:00,0.0,,4.42848,51.89569,0.0,ROTTERDAM,2021-11-07T18:30:00+00:00,under-way-using-engine,4,70,5,4,244750043,PE9379,,cargo,0,TRUDIE,u15phz2
335,68092,2.5,2021-01-27T17:46:58+00:00,8.0,,4.09586,51.972,72.9,RDAM MAASVLAKTE RDAM,2021-06-18T20:00:00+00:00,under-way-using-engine,6,111,0,6,244630718,,,cargo,0,JORDY-M,u14ztjn
336,61846,1.8,2021-01-25T22:31:52+00:00,0.0,,4.40342,51.88006,218.7,ROTTERDAM,2021-01-25T03:59:00+00:00,under-way-using-engine,7,120,15,4,211560210,DB4165,,cargo,0,AARBURG,u15phhq
337,26312,0.0,2021-01-11T21:11:57+00:00,0.0,,4.42706,51.87925,0.0,,2021-11-07T18:30:00+00:00,under-way-using-engine,4,70,5,4,244750043,PE9379,,cargo,0,TRUDIE,u15phsr
338,21672,1.6,2021-01-10T00:50:39+00:00,0.0,,4.40677,51.87973,0.0,DEN BOSCH/ROTTERDAM,2021-10-26T20:00:00+00:00,moored,10,76,16,2,244630036,PH5514,,other,0,CAAN,u15phk2
339,48711,4.2,2021-01-20T00:56:35+00:00,0.0,83.0,4.05543,51.96268,11.2,ROTTERDAM NL,2021-01-18T11:30:00+00:00,under-way-using-engine,9,88,10,8,246046000,PHIA,hazardous-cat-c,cargo,9143415,ORION,u14zs79
340,61485,1.8,2021-01-25T02:41:55+00:00,0.0,,4.3248,51.88002,293.5,ROTTERDAM,2021-01-25T03:59:00+00:00,under-way-using-engine,7,120,15,4,211560210,DB4165,,cargo,0,AARBURG,u15p4km
341,14351,0.0,2021-01-07T13:01:52+00:00,7.0,,4.60586,51.80419,110.8,OCT --  EUROPOORT VV,2021-10-10T00:00:00+00:00,under-way-using-engine,4,74,12,7,244010773,PF3820,,cargo,0,LEVANTE,u15q8y9
342,61719,1.8,2021-01-25T11:41:59+00:00,0.1,,4.42602,51.87824,199.9,ROTTERDAM,2021-01-25T03:59:00+00:00,under-way-using-engine,7,120,15,4,211560210,DB4165,,cargo,0,AARBURG,u15phsn
343,28739,0.0,2021-01-12T00:51:57+00:00,0.0,,4.42706,51.87925,0.0,,2021-11-07T18:30:00+00:00,under-way-using-engine,4,70,5,4,244750043,PE9379,,cargo,0,TRUDIE,u15phsr
344,46838,2.5,2021-01-19T11:51:28+00:00,0.0,,4.01289,51.95924,0.0,RDAM MAASVLAKTE RDAM,2021-06-18T20:00:00+00:00,moored,6,111,0,6,244630718,,,cargo,0,JORDY-M,u14ze6f
345,10387,1.5,2021-01-05T18:36:43+00:00,0.0,,4.29071,51.88453,,ARA VERKEER,2021-01-18T23:14:00+00:00,fishing,11,135,0,1,244700820,PB8188,all,tanker,0,CHARLOIS,u15p1tk
346,16773,0.0,2021-01-08T12:26:52+00:00,0.0,,4.069,51.95986,77.9,OCT --  EUROPOORT VV,2021-10-10T00:00:00+00:00,under-way-using-engine,4,74,12,7,244010773,PF3820,,cargo,0,LEVANTE,u14zse4
347,48109,0.0,2021-01-19T07:06:55+00:00,9.3,,4.46048,51.90063,267.0,ROTTERDAM,2021-11-07T18:30:00+00:00,under-way-using-engine,4,70,5,4,244750043,PE9379,,cargo,0,TRUDIE,u15pm80
348,67901,2.5,2021-01-27T01:51:34+00:00,0.0,,4.04881,51.95844,0.0,RDAM MAASVLAKTE RDAM,2021-06-18T20:00:00+00:00,moored,6,111,0,6,244630718,,,cargo,0,JORDY-M,u14zs4s
349,52729,2.5,2021-01-21T20:11:56+00:00,10.5,,4.15579,51.95982,309.2,RDAM MAASVLAKTE RDAM,2021-06-18T20:00:00+00:00,under-way-using-engine,6,111,0,6,244630718,,,cargo,0,JORDY-M,u14zwdf
350,74278,0.0,2021-01-29T19:22:00+00:00,0.0,,4.65823,51.81406,0.0,ROTTERDAM,2021-11-07T18:30:00+00:00,under-way-using-engine,4,70,5,4,244750043,PE9379,,cargo,0,TRUDIE,u15qf02
351,37591,0.0,2021-01-16T20:06:57+00:00,8.1,,4.30247,51.86572,275.2,OCT --  EUROPOORT VV,2021-10-10T00:00:00+00:00,under-way-using-engine,4,74,12,7,244010773,PF3820,,cargo,0,LEVANTE,u15p1cu
352,55916,1.5,2021-01-22T07:20:02+00:00,0.0,,4.29194,51.87626,,ARA VERKEER,2021-01-18T23:14:00+00:00,fishing,11,135,0,1,244700820,PB8188,all,tanker,0,CHARLOIS,u15p1ev
353,7434,2.0,2021-01-04T12:30:17+00:00,0.0,,4.0431,51.95781,105.0,RDAM-BERGEN OP ZOOM,,moored,2,86,0,8,244670295,PF8141,,other,0,ROMEE,u14zs48
354,32904,2.5,2021-01-14T13:32:55+00:00,0.0,,4.24186,51.87952,0.0,RDAM MAASVLAKTE RDAM,2021-06-18T20:00:00+00:00,moored,6,111,0,6,244630718,,,cargo,0,JORDY-M,u15p0s2
355,61057,1.5,2021-01-24T14:56:50+00:00,0.0,,4.30995,51.87279,,ARA VERKEER,2021-01-18T23:14:00+00:00,fishing,11,135,0,1,244700820,PB8188,all,tanker,0,CHARLOIS,u15p454
356,28007,2.0,2021-01-12T10:56:59+00:00,8.4,,4.21448,51.90042,126.5,RDAM-BERGEN OP ZOOM,,under-way-using-engine,2,86,0,8,244670295,PF8141,,other,0,ROMEE,u14zrbh
357,2564,2.5,2021-01-02T16:01:56+00:00,1.3,,4.03576,51.93803,274.4,MAASVLAKTE,2021-12-31T16:59:00+00:00,under-way-using-engine,7,120,15,4,211560210,DB4165,,cargo,0,AARBURG,u14z7z4
358,65701,2.0,2021-01-26T07:46:52+00:00,6.4,,4.34524,51.85333,141.1,RDAM-BERGEN OP ZOOM,,under-way-using-engine,2,86,0,8,244670295,PF8141,,other,0,ROMEE,u15nfzs
359,74016,1.5,2021-01-29T21:10:29+00:00,0.0,,4.29193,51.87624,,ARA VERKEER,2021-01-18T23:14:00+00:00,fishing,11,135,0,1,244700820,PB8188,all,tanker,0,CHARLOIS,u15p1ev
360,61889,0.0,2021-01-25T02:06:57+00:00,5.7,,4.11459,51.93622,103.5,OCT --  EUROPOORT VV,2021-10-10T00:00:00+00:00,under-way-using-engine,4,74,12,7,244010773,PF3820,,cargo,0,LEVANTE,u14zmws
361,77516,15.5,2021-01-31T22:15:53+00:00,0.0,216.0,4.00377,51.95583,216.0,EGSUC>NLROT,2021-01-29T12:30:00+00:00,moored,30,146,253,30,219019094,OWJJ2,hazardous-cat-a,cargo,9619969,MARIBO MAERSK,u14ze47
362,1569,1.5,2021-01-01T02:36:44+00:00,0.0,,4.30996,51.87281,,ARA VERKEER,2021-01-18T23:14:00+00:00,fishing,11,135,0,1,244700820,PB8188,all,tanker,0,CHARLOIS,u15p454
363,39306,0.0,2021-01-16T02:46:54+00:00,0.0,,4.65788,51.8138,304.9,ROTTERDAM,2021-11-07T18:30:00+00:00,under-way-using-engine,4,70,5,4,244750043,PE9379,,cargo,0,TRUDIE,u15qcbr
364,20601,0.0,2021-01-09T03:36:57+00:00,0.0,,4.6582,51.81406,0.0,ROTTERDAM,2021-11-07T18:30:00+00:00,under-way-using-engine,4,70,5,4,244750043,PE9379,,cargo,0,TRUDIE,u15qcbr
365,3115,2.5,2021-01-02T13:56:13+00:00,0.0,,4.01322,51.95924,0.0,RDAM MAASVLAKTE RDAM,2021-06-18T20:00:00+00:00,moored,6,111,0,6,244630718,,,cargo,0,JORDY-M,u14ze6f
366,59935,2.5,2021-01-24T03:39:09+00:00,0.0,,4.03486,51.95717,0.0,RDAM MAASVLAKTE RDAM,2021-06-18T20:00:00+00:00,moored,6,111,0,6,244630718,,,cargo,0,JORDY-M,u14zefd
367,63609,1.5,2021-01-25T15:36:49+00:00,0.0,,4.31728,51.8891,,ARA VERKEER,2021-01-18T23:14:00+00:00,fishing,11,135,0,1,244700820,PB8188,all,tanker,0,CHARLOIS,u15p4np
368,42951,2.3,2021-01-18T11:51:54+00:00,0.0,,4.42476,51.87857,152.3,ROTTERDAM,2021-01-18T06:59:00+00:00,under-way-using-engine,7,120,15,4,211560210,DB4165,,cargo,0,AARBURG,u15phsn
369,35823,2.0,2021-01-15T04:31:41+00:00,0.0,,4.04323,51.97257,276.3,RDAM-BERGEN OP ZOOM,,moored,2,86,0,8,244670295,PF8141,,other,0,ROMEE,u14zsj2
370,54182,0.0,2021-01-22T00:01:55+00:00,0.0,,3.99945,51.98121,200.8,OCT --  EUROPOORT VV,2021-10-10T00:00:00+00:00,under-way-using-engine,4,74,12,7,244010773,PF3820,,cargo,0,LEVANTE,u14zenb
371,31469,0.0,2021-01-13T09:46:54+00:00,0.0,,4.42208,51.88034,0.0,ROTTERDAM,2021-11-07T18:30:00+00:00,under-way-using-engine,4,70,5,4,244750043,PE9379,,cargo,0,TRUDIE,u15phss
372,80000,0.0,2021-01-31T22:51:57+00:00,0.0,,4.42844,51.89567,0.0,ROTTERDAM,2021-11-07T18:30:00+00:00,under-way-using-engine,4,70,5,4,244750043,PE9379,,cargo,0,TRUDIE,u15phz2
373,67807,1.6,2021-01-27T17:54:04+00:00,0.0,,4.42588,51.88339,0.0,DEN BOSCH/ROTTERDAM,2021-10-26T20:00:00+00:00,moored,10,76,16,2,244630036,PH5514,,other,0,CAAN,u15phtn
374,57223,1.6,2021-01-23T12:23:04+00:00,0.0,,4.05523,51.95931,0.0,DEN BOSCH/ROTTERDAM,2021-10-26T20:00:00+00:00,moored,10,76,16,2,244630036,PH5514,,other,0,CAAN,u14zs6b
375,66441,0.0,2021-01-26T03:06:59+00:00,0.0,,4.45232,51.88832,0.0,ROTTERDAM,2021-11-07T18:30:00+00:00,under-way-using-engine,4,70,5,4,244750043,PE9379,,cargo,0,TRUDIE,u15pjmf
376,26426,2.2,2021-01-12T06:41:56+00:00,0.0,,4.03047,51.94419,148.9,ROTTERDAM,2021-01-11T03:59:00+00:00,under-way-using-engine,7,120,15,4,211560210,DB4165,,cargo,0,AARBURG,u14ze8n
377,27897,2.0,2021-01-12T01:45:53+00:00,0.0,,4.04925,51.9449,71.5,RDAM-BERGEN OP ZOOM,,moored,2,86,0,8,244670295,PF8141,,other,0,ROMEE,u14zs0k
378,27473,2.5,2021-01-12T03:24:01+00:00,0.0,,4.05115,51.95862,0.0,RDAM MAASVLAKTE RDAM,2021-06-18T20:00:00+00:00,moored,6,111,0,6,244630718,,,cargo,0,JORDY-M,u14zs4v
379,65226,2.5,2021-01-26T03:56:25+00:00,0.0,,4.04974,51.95856,0.0,RDAM MAASVLAKTE RDAM,2021-06-18T20:00:00+00:00,moored,6,111,0,6,244630718,,,cargo,0,JORDY-M,u14zs4u
380,77436,15.5,2021-01-31T15:36:20+00:00,0.0,216.0,4.00387,51.95578,216.0,EGSUC>NLROT,2021-01-29T12:30:00+00:00,moored,30,146,253,30,219019094,OWJJ2,hazardous-cat-a,cargo,9619969,MARIBO MAERSK,u14ze47
381,71570,0.0,2021-01-28T11:01:58+00:00,0.0,,4.42139,51.88047,0.0,ROTTERDAM,2021-11-07T18:30:00+00:00,under-way-using-engine,4,70,5,4,244750043,PE9379,,cargo,0,TRUDIE,u15phse
382,31348,1.5,2021-01-13T23:41:50+00:00,0.1,,4.30993,51.87281,,ARA VERKEER,2021-01-18T23:14:00+00:00,fishing,11,135,0,1,244700820,PB8188,all,tanker,0,CHARLOIS,u15p454
383,8921,0.0,2021-01-05T21:36:52+00:00,2.2,,4.04107,51.95858,77.0,OCT --  EUROPOORT VV,2021-10-10T00:00:00+00:00,under-way-using-engine,4,74,12,7,244010773,PF3820,,cargo,0,LEVANTE,u14zefy
384,1806,0.0,2021-01-01T00:51:54+00:00,0.0,,4.6582,51.81406,0.0,ROTTERDAM,2021-11-07T18:30:00+00:00,under-way-using-engine,4,70,5,4,244750043,PE9379,,cargo,0,TRUDIE,u15qcbr
385,64970,1.6,2021-01-26T06:14:51+00:00,0.0,,4.03198,51.94526,0.0,DEN BOSCH/ROTTERDAM,2021-10-26T20:00:00+00:00,moored,10,76,16,2,244630036,PH5514,,other,0,CAAN,u14ze8r
386,45181,0.0,2021-01-18T16:21:44+00:00,0.0,,4.42533,51.87964,292.7,ROTTERDAM,2021-11-07T18:30:00+00:00,under-way-using-engine,4,70,5,4,244750043,PE9379,,cargo,0,TRUDIE,u15phsq
387,17183,2.5,2021-01-08T03:12:00+00:00,0.0,,4.04927,51.95848,0.0,RDAM MAASVLAKTE RDAM,2021-06-18T20:00:00+00:00,moored,6,111,0,6,244630718,,,cargo,0,JORDY-M,u14zs4u
388,49177,0.0,2021-01-20T00:31:57+00:00,6.2,,4.42296,51.83983,116.5,OCT --  EUROPOORT VV,2021-10-10T00:00:00+00:00,under-way-using-engine,4,74,12,7,244010773,PF3820,,cargo,0,LEVANTE,u15nuth
389,53888,0.0,2021-01-21T06:11:50+00:00,0.0,,4.45205,51.88834,277.2,ROTTERDAM,2021-11-07T18:30:00+00:00,under-way-using-engine,4,70,5,4,244750043,PE9379,,cargo,0,TRUDIE,u15pjmc
390,59978,2.5,2021-01-24T07:28:10+00:00,0.0,,4.01219,51.9578,0.0,RDAM MAASVLAKTE RDAM,2021-06-18T20:00:00+00:00,moored,6,111,0,6,244630718,,,cargo,0,JORDY-M,u14ze69
391,47416,2.0,2021-01-19T12:26:57+00:00,6.6,,4.09799,51.93817,100.5,RDAM-BERGEN OP ZOOM,,under-way-using-engine,2,86,0,8,244670295,PF8141,,other,0,ROMEE,u14zmr0
392,29460,1.5,2021-01-13T14:31:59+00:00,9.6,,4.62582,51.88132,156.0,KOBLENZ,2021-01-15T03:59:00+00:00,under-way-using-engine,3,120,15,8,211560210,DB4165,,cargo,0,AARBURG,u15r1k8
393,46763,2.5,2021-01-19T05:39:25+00:00,0.0,,4.01289,51.95924,0.0,RDAM MAASVLAKTE RDAM,2021-06-18T20:00:00+00:00,moored,6,111,0,6,244630718,,,cargo,0,JORDY-M,u14ze6f
394,46445,1.6,2021-01-19T02:41:48+00:00,12.1,,4.55883,51.8237,343.9,DEN BOSCH/ROTTERDAM,2021-10-26T20:00:00+00:00,under-way-using-engine,10,76,16,2,244630036,PH5514,,other,0,CAAN,u15nzdp
395,64193,4.8,2021-01-26T02:41:52+00:00,0.1,291.0,4.02542,51.97676,259.4,ROTTERDAM NL,2021-01-25T17:30:00+00:00,moored,9,88,10,8,246046000,PHIA,hazardous-cat-c,cargo,9143415,ORION,u14zew5
396,40744,2.5,2021-01-17T06:41:27+00:00,0.0,,4.01045,51.95822,0.0,RDAM MAASVLAKTE RDAM,2021-06-18T20:00:00+00:00,moored,6,111,0,6,244630718,,,cargo,0,JORDY-M,u14ze68
397,29078,2.2,2021-01-13T05:06:55+00:00,0.0,,4.32379,51.88235,167.1,ROTTERDAM,2021-01-11T03:59:00+00:00,under-way-using-engine,7,120,15,4,211560210,DB4165,,cargo,0,AARBURG,u15p4ku
398,12279,2.5,2021-01-06T10:21:43+00:00,0.0,,4.01193,51.95636,0.0,RDAM MAASVLAKTE RDAM,2021-06-18T20:00:00+00:00,moored,6,111,0,6,244630718,,,cargo,0,JORDY-M,u14ze63
399,18379,0.0,2021-01-08T12:56:56+00:00,0.0,,4.43288,51.89018,55.3,ROTTERDAM,2021-11-07T18:30:00+00:00,under-way-using-engine,4,70,5,4,244750043,PE9379,,cargo,0,TRUDIE,u15phy7
